gene1,gene2,label
5430,6240,1
5430,5888,1
672,7398,1
672,6240,1
3479,5888,1
4193,5888,1
5888,7398,1
9978,8795,1
4193,5430,1
5430,9978,1
5430,7398,1
5888,9978,1
5888,6240,1
9978,6240,1
637,5888,1
10038,5430,1
672,4193,1
2965,5888,1
3479,4193,1
3486,8795,1
4193,5887,1
4193,6240,1
8493,5888,1
1019,5888,1
3791,4193,1
5430,5970,1
6240,7398,1
672,5430,1
1019,5430,1
1069,2965,1
1956,8795,1
2965,3479,1
2965,6240,1
5970,6240,1
1069,7398,1
1956,5888,1
2067,3479,1
3479,5430,1
3486,5430,1
3486,5887,1
3486,5888,1
637,7398,1
1021,7398,1
1069,6240,1
1956,7398,1
4193,9978,1
2475,7398,1
637,672,1
637,2965,1
637,57804,1
1019,6240,1
1021,6240,1
1069,5888,1
1069,8795,1
1956,4193,1
1956,6240,1
2067,57804,1
3486,6240,1
3791,57804,1
6300,5430,1
142,5430,1
142,6240,1
57804,5430,1
5430,5883,1
5430,7374,1
5888,7374,1
9978,7398,1
637,4193,1
637,5430,1
672,57804,1
672,7374,1
1021,5430,1
1021,5888,1
2965,4193,1
3486,5883,1
2067,3791,1
57804,7374,1
5430,8795,1
5888,8795,1
5970,8795,1
7374,7398,1
637,1956,1
637,5883,1
672,1069,1
672,3479,1
1019,3479,1
1019,4193,1
1069,1956,1
1069,4193,1
1956,9978,1
2067,8493,1
2067,5883,1
3486,8493,1
3791,5430,1
10038,6240,1
57804,6240,1
6240,7374,1
472,6240,1
637,3479,1
672,1019,1
672,2965,1
672,9978,1
672,5970,1
1069,5430,1
1956,3479,1
1956,57804,1
2067,4193,1
2067,6240,1
472,3791,1
6300,5888,1
4193,57804,1
4193,5883,1
4193,7374,1
4193,7398,1
2475,5430,1
10038,5883,1
8493,6240,1
5887,5888,1
5887,8795,1
6240,8795,1
637,1069,1
637,2475,1
1019,2965,1
1021,1069,1
1021,57804,1
1021,9978,1
1956,5430,1
3479,8493,1
5430,5887,1
8493,9978,1
5887,6240,1
5970,7398,1
637,1021,1
1017,5430,1
1019,1069,1
1019,6300,1
1956,2965,1
1956,7374,1
2067,6300,1
2067,2475,1
2067,5888,1
2965,142,1
2965,9978,1
3479,142,1
3479,5883,1
3791,5887,1
4193,2475,1
2475,6240,1
142,9978,1
10038,5888,1
57804,8493,1
5430,8493,1
8493,7374,1
5883,6240,1
8795,7398,1
1021,7374,1
472,4193,1
472,5887,1
472,5888,1
637,3486,1
637,9978,1
637,6240,1
637,7374,1
672,1017,1
672,2067,1
1017,7398,1
1021,2965,1
1021,6300,1
1021,2475,1
1069,3479,1
1069,57804,1
2067,2965,1
2067,5430,1
2067,9978,1
2965,7374,1
3479,6240,1
2965,10038,1
57804,8795,1
57804,7398,1
8493,7398,1
5883,8795,1
5970,7374,1
472,8795,1
472,637,1
472,1019,1
472,1956,1
472,5883,1
637,2067,1
672,8795,1
1019,5887,1
1019,5970,1
1021,2067,1
1021,5887,1
1069,9978,1
1956,5970,1
2067,142,1
2965,5887,1
2965,7398,1
3479,5887,1
3486,4193,1
3486,57804,1
3791,9978,1
3791,5970,1
4193,10038,1
2475,8493,1
142,7398,1
10038,57804,1
8493,5883,1
5883,9978,1
5883,7398,1
1019,7374,1
637,142,1
672,3486,1
672,3791,1
672,5883,1
1017,2965,1
1019,1956,1
1019,57804,1
1019,8795,1
1069,3486,1
2067,5887,1
2965,57804,1
2965,5430,1
2965,8795,1
3791,2475,1
3791,8493,1
4193,142,1
4193,8493,1
4193,5970,1
2475,57804,1
2475,9978,1
10038,7398,1
6300,7374,1
472,1017,1
472,1021,1
472,1069,1
472,2965,1
472,3479,1
472,7374,1
472,7398,1
672,1021,1
672,6300,1
672,2475,1
672,8493,1
1019,2067,1
1019,5883,1
1019,7398,1
1021,1956,1
1069,2067,1
1069,2475,1
1069,142,1
2067,8795,1
2067,7398,1
3479,3486,1
3479,6300,1
3479,9978,1
3479,7374,1
3479,7398,1
3486,9978,1
3486,7398,1
3791,5888,1
3791,7374,1
6300,5887,1
6300,6240,1
2475,5887,1
6300,142,1
142,5887,1
142,5970,1
10038,9978,1
57804,5888,1
57804,5883,1
57804,9978,1
57804,5970,1
5887,7374,1
5887,7398,1
3791,5883,1
5883,7374,1
9978,5970,1
3486,5970,1
637,3791,1
672,5887,1
1017,3486,1
1017,3791,1
1017,4193,1
1017,8493,1
1017,5887,1
1017,5888,1
1017,5883,1
1017,6240,1
1019,3791,1
1021,3486,1
1069,3791,1
1069,5887,1
1069,5883,1
1069,5970,1
2067,3486,1
2965,3486,1
2965,5883,1
3479,5970,1
3791,7398,1
637,10038,1
57804,5887,1
5887,5883,1
10038,8795,1
472,57804,1
637,1019,1
637,6300,1
637,8493,1
637,5887,1
637,5970,1
637,8795,1
637,1017,1
1017,57804,1
1017,5970,1
1019,10038,1
1019,8493,1
1021,3479,1
1021,3791,1
1021,8493,1
1069,6300,1
1069,10038,1
1069,7374,1
1956,2067,1
1956,3791,1
1956,8493,1
1956,5883,1
2067,10038,1
2067,7374,1
2965,3791,1
2965,5970,1
3479,3791,1
3479,57804,1
3486,3791,1
3486,2475,1
3486,142,1
3791,6300,1
3791,142,1
3791,8795,1
3486,6300,1
6300,8493,1
6300,5883,1
6300,7398,1
472,2475,1
2475,5888,1
2475,5883,1
2475,8795,1
2475,7374,1
142,8493,1
10038,5887,1
10038,5970,1
8493,5970,1
5887,9978,1
472,2067,1
472,3486,1
472,6300,1
472,5430,1
472,8493,1
472,9978,1
1017,1956,1
1017,3479,1
1017,6300,1
1017,2475,1
1017,142,1
1017,9978,1
1017,8795,1
1017,7374,1
1019,3486,1
1019,2475,1
1019,9978,1
1021,4193,1
1021,142,1
1021,5883,1
1021,8795,1
1017,1069,1
1069,8493,1
1956,6300,1
1017,2067,1
2965,6300,1
2965,2475,1
2965,8493,1
3479,2475,1
3479,10038,1
3479,8795,1
3791,10038,1
6300,4193,1
6300,2475,1
6300,9978,1
6300,5970,1
4193,8795,1
2475,142,1
142,57804,1
2475,10038,1
10038,8493,1
8493,5887,1
8493,8795,1
6300,8795,1
8795,7374,1
10038,7374,1
472,10038,1
472,5970,1
1021,5970,1
1956,5887,1
2067,5970,1
2475,5970,1
142,5883,1
142,8795,1
142,7374,1
5887,5970,1
5883,5970,1
9978,7374,1
1956,3486,1
5888,5883,1
5888,5970,1
1956,2475,1
1019,1021,1
1017,1019,1
1019,142,1
1017,1021,1
472,672,1
672,1956,1
672,5888,1
1956,142,1
472,142,1
142,5888,1
3265,5688,1
3845,5688,1
4893,5688,1
1540,3265,1
1540,3845,1
1540,4893,1
3265,5162,1
3845,5162,1
4893,5162,1
3265,4047,1
3845,4047,1
4047,4893,1
3174,3265,1
3174,3845,1
3174,4893,1
3265,8650,1
3845,8650,1
4893,8650,1
3815,3845,1
3815,4893,1
3265,4605,1
3845,4605,1
4605,4893,1
10447,3265,1
10447,3845,1
10447,4893,1
3265,11213,1
11213,3845,1
11213,4893,1
3265,23338,1
3845,23338,1
4893,23338,1
11340,3265,1
11340,3845,1
11340,4893,1
23291,3265,1
23291,3845,1
23291,4893,1
378,3265,1
378,3845,1
378,4893,1
3265,10769,1
3845,10769,1
4893,10769,1
367,3265,1
367,3845,1
367,4893,1
3265,58472,1
3845,58472,1
4893,58472,1
2806,3265,1
2806,3845,1
2806,4893,1
3265,7357,1
3845,7357,1
4893,7357,1
994,3265,1
994,3845,1
994,4893,1
2958,3265,1
2958,3845,1
2958,4893,1
9415,3265,1
9415,3845,1
9415,4893,1
3300,3265,1
3300,3845,1
3300,4893,1
51719,3265,1
51719,3845,1
51719,4893,1
3265,8878,1
3845,8878,1
4893,8878,1
817,3265,1
817,3845,1
817,4893,1
3265,9491,1
3845,9491,1
4893,9491,1
3265,23509,1
3845,23509,1
4893,23509,1
3265,23463,1
23463,3845,1
23463,4893,1
929,3265,1
929,3845,1
929,4893,1
135,3265,1
135,3845,1
135,4893,1
3265,143187,1
3845,143187,1
4893,143187,1
3265,6208,1
3845,6208,1
3265,23530,1
3845,23530,1
23530,4893,1
9945,3265,1
9945,3845,1
9945,4893,1
213,818,1
818,5004,1
818,3815,1
818,5979,1
818,4914,1
818,1436,1
818,5156,1
818,780,1
25,818,1
818,5159,1
5243,818,1
9429,818,1
213,2535,1
2535,5004,1
2535,3815,1
2535,5979,1
2535,4914,1
1436,2535,1
2535,5156,1
780,2535,1
25,2535,1
2535,5159,1
5243,2535,1
9429,2535,1
213,5530,1
5004,5530,1
3815,5530,1
5530,5979,1
4914,5530,1
1436,5530,1
5156,5530,1
780,5530,1
25,5530,1
5159,5530,1
213,1827,1
5004,1827,1
3815,1827,1
1827,5979,1
4914,1827,1
1436,1827,1
5156,1827,1
780,1827,1
25,1827,1
5159,1827,1
5243,1827,1
9429,1827,1
213,6259,1
5004,6259,1
3815,6259,1
5979,6259,1
4914,6259,1
1436,6259,1
5156,6259,1
780,6259,1
25,6259,1
5159,6259,1
5243,6259,1
9429,6259,1
4149,4609,1
978,1029,1
1029,1633,1
1029,6240,1
1029,7298,1
1029,51727,1
5243,1029,1
978,7084,1
1633,7084,1
6240,7084,1
7084,7298,1
51727,7084,1
5243,7084,1
874,3265,1
874,3845,1
874,4893,1
10007,3265,1
10007,3845,1
10007,4893,1
3265,10051,1
3845,10051,1
4893,10051,1
1025,3265,1
1025,3845,1
1025,4893,1
185,3265,1
185,3845,1
185,4893,1
3265,5423,1
3845,5423,1
4893,5423,1
3265,10813,1
3845,10813,1
4893,10813,1
3265,7525,1
3845,7525,1
4893,7525,1
10327,3265,1
10327,3845,1
10327,4893,1
3170,3265,1
3170,3845,1
3170,4893,1
3265,3560,1
3560,3845,1
3560,4893,1
3265,8877,1
3845,8877,1
4893,8877,1
22894,3265,1
22894,3845,1
22894,4893,1
2167,3265,1
2167,3845,1
2167,4893,1
3265,11243,1
3845,11243,1
4893,11243,1
3265,9219,1
3845,9219,1
9219,4893,1
2100,3265,1
2100,3845,1
2100,4893,1
3265,83732,1
3845,83732,1
4893,83732,1
3265,3980,1
3845,3980,1
3980,4893,1
3265,6872,1
3845,6872,1
4893,6872,1
3265,6421,1
3845,6421,1
4893,6421,1
3265,10452,1
3845,10452,1
4893,10452,1
3265,4758,1
3845,4758,1
4758,4893,1
3265,4724,1
3845,4724,1
4724,4893,1
3265,4677,1
3845,4677,1
4677,4893,1
3265,9928,1
9928,3845,1
9928,4893,1
3265,3576,1
3576,3845,1
3576,4893,1
3265,7428,1
3845,7428,1
4893,7428,1
3265,22934,1
3845,22934,1
4893,22934,1
2581,3265,1
2581,3845,1
2581,4893,1
51181,3265,1
51181,3845,1
51181,4893,1
213,23236,1
5004,23236,1
3815,23236,1
23236,5979,1
4914,23236,1
1436,23236,1
5156,23236,1
780,23236,1
25,23236,1
5159,23236,1
5243,23236,1
9429,23236,1
213,5532,1
5004,5532,1
3815,5532,1
5532,5979,1
4914,5532,1
1436,5532,1
5156,5532,1
780,5532,1
25,5532,1
5159,5532,1
5243,5532,1
9429,5532,1
213,7474,1
5004,7474,1
3815,7474,1
5979,7474,1
4914,7474,1
1436,7474,1
5156,7474,1
780,7474,1
25,7474,1
5159,7474,1
5243,7474,1
9429,7474,1
10555,3265,1
10555,3845,1
10555,4893,1
3265,8550,1
3845,8550,1
8550,4893,1
3265,65267,1
3845,65267,1
4893,65267,1
3265,3093,1
3845,3093,1
4893,3093,1
3265,5869,1
3845,5869,1
4893,5869,1
3265,10915,1
3845,10915,1
4893,10915,1
9734,3265,1
9734,3845,1
9734,4893,1
3265,6721,1
3845,6721,1
4893,6721,1
3265,4342,1
3845,4342,1
4342,4893,1
369,3265,1
369,3845,1
369,4893,1
9474,3265,1
9474,3845,1
9474,4893,1
3265,4175,1
3845,4175,1
4175,4893,1
3265,5599,1
3845,5599,1
5599,4893,1
3265,6576,1
3845,6576,1
4893,6576,1
1407,3265,1
1407,3845,1
1407,4893,1
3265,6514,1
3845,6514,1
4893,6514,1
3265,7376,1
3845,7376,1
7376,4893,1
3265,5618,1
3845,5618,1
4893,5618,1
3265,6799,1
3845,6799,1
4893,6799,1
3265,10253,1
3845,10253,1
4893,10253,1
3265,4729,1
3845,4729,1
4729,4893,1
894,3265,1
894,3845,1
894,4893,1
444,3265,1
444,3845,1
444,4893,1
10476,3265,1
10476,3845,1
10476,4893,1
23786,3265,1
23786,3845,1
23786,4893,1
1062,3265,1
1062,3845,1
1062,4893,1
3265,7703,1
3845,7703,1
4893,7703,1
598,3265,1
598,3845,1
598,4893,1
3265,4174,1
3845,4174,1
4174,4893,1
8644,4609,1
4609,7263,1
978,8767,1
1633,8767,1
8767,6240,1
8767,7298,1
51727,8767,1
5243,8767,1
10421,3265,1
10421,3845,1
10421,4893,1
3265,284058,1
284058,3845,1
284058,4893,1
2175,3265,1
2175,3845,1
2175,4893,1
3265,5985,1
3845,5985,1
4893,5985,1
23405,3265,1
23405,3845,1
23405,4893,1
1605,3265,1
1605,3845,1
1605,4893,1
3265,5329,1
3845,5329,1
4893,5329,1
3265,3608,1
3608,3845,1
3608,4893,1
3034,3265,1
3034,3845,1
3034,4893,1
3265,5770,1
3845,5770,1
4893,5770,1
3265,3735,1
3735,3845,1
3735,4893,1
3055,3265,1
3055,3845,1
3055,4893,1
3265,9961,1
3845,9961,1
9961,4893,1
55914,3265,1
55914,3845,1
55914,4893,1
3265,5930,1
3845,5930,1
4893,5930,1
3265,51274,1
51274,3845,1
51274,4893,1
1857,3265,1
1857,3845,1
1857,4893,1
10093,3265,1
10093,3845,1
10093,4893,1
191,3265,1
191,3845,1
191,4893,1
3265,8140,1
3845,8140,1
4893,8140,1
3265,4594,1
3845,4594,1
4594,4893,1
213,5600,1
5600,5004,1
3815,5600,1
5600,5979,1
5600,4914,1
1436,5600,1
5600,5156,1
780,5600,1
25,5600,1
5600,5159,1
5243,5600,1
9429,5600,1
3265,8148,1
3845,8148,1
4893,8148,1
3265,3778,1
3778,3845,1
3778,4893,1
1844,3265,1
1844,3845,1
1844,4893,1
3265,4191,1
3845,4191,1
4191,4893,1
3265,5879,1
3845,5879,1
4893,5879,1
3265,8239,1
3845,8239,1
4893,8239,1
3265,65018,1
3845,65018,1
4893,65018,1
10973,3265,1
10973,3845,1
10973,4893,1
3265,8463,1
3845,8463,1
4893,8463,1
3265,5682,1
3845,5682,1
4893,5682,1
3265,10276,1
3845,10276,1
10276,4893,1
3265,4891,1
3845,4891,1
4893,4891,1
3265,10557,1
3845,10557,1
4893,10557,1
2047,3265,1
2047,3845,1
2047,4893,1
1381,3265,1
1381,3845,1
1381,4893,1
1508,3265,1
1508,3845,1
1508,4893,1
3265,7084,1
3845,7084,1
4893,7084,1
3265,5048,1
3845,5048,1
4893,5048,1
3265,4548,1
3845,4548,1
4548,4893,1
3265,7316,1
3845,7316,1
4893,7316,1
1123,3265,1
1123,3845,1
1123,4893,1
2959,3265,1
2959,3845,1
2959,4893,1
3265,5437,1
3845,5437,1
4893,5437,1
3265,3551,1
3551,3845,1
3551,4893,1
3265,84333,1
3845,84333,1
2182,3265,1
2182,3845,1
2182,4893,1
8325,3265,1
8325,3845,1
8325,4893,1
1981,3265,1
1981,3845,1
1981,4893,1
3265,64750,1
3845,64750,1
4893,64750,1
3265,65220,1
3845,65220,1
65220,4893,1
3265,11004,1
11004,4893,1
3265,5577,1
3845,5577,1
4893,5577,1
93,3265,1
93,3845,1
93,4893,1
890,3265,1
890,4893,1
340273,3265,1
340273,3845,1
340273,4893,1
1431,3265,1
1431,3845,1
1431,4893,1
3265,8835,1
3845,8835,1
4893,8835,1
3265,5305,1
3845,5305,1
4893,5305,1
3265,5452,1
3845,5452,1
4893,5452,1
3265,6643,1
3845,6643,1
4893,6643,1
3265,6883,1
3845,6883,1
4893,6883,1
3265,7343,1
3845,7343,1
4893,7343,1
3265,3800,1
3800,3845,1
3800,4893,1
488,3265,1
488,3845,1
488,4893,1
675,3265,1
675,3845,1
675,4893,1
875,3265,1
875,3845,1
875,4893,1
8804,3265,1
8804,3845,1
8804,4893,1
53944,3265,1
53944,3845,1
53944,4893,1
3265,4773,1
3845,4773,1
4773,4893,1
10987,3265,1
10987,3845,1
10987,4893,1
978,79109,1
1633,79109,1
79109,6240,1
79109,7298,1
51727,79109,1
5243,79109,1
978,9261,1
1633,9261,1
9261,6240,1
9261,7298,1
51727,9261,1
5243,9261,1
3265,29928,1
3845,29928,1
4893,29928,1
3265,6715,1
3845,6715,1
4893,6715,1
308,3265,1
308,3845,1
308,4893,1
3265,7625,1
3845,7625,1
4893,7625,1
2266,3265,1
2266,3845,1
2266,4893,1
9184,3265,1
9184,3845,1
9184,4893,1
3265,7153,1
3845,7153,1
4893,7153,1
3265,7003,1
3845,7003,1
4893,7003,1
3265,7291,1
3845,7291,1
4893,7291,1
3265,5018,1
3845,5018,1
4893,5018,1
3265,4882,1
3845,4882,1
4882,4893,1
10694,3265,1
10694,3845,1
10694,4893,1
3265,6223,1
3845,6223,1
4893,6223,1
3265,4214,1
3845,4214,1
4214,4893,1
3265,5604,1
3845,5604,1
9318,3265,1
9318,3845,1
9318,4893,1
975,3265,1
975,3845,1
975,4893,1
8894,3265,1
8894,3845,1
8894,4893,1
3265,6500,1
3845,6500,1
4893,6500,1
23149,3265,1
23149,3845,1
23149,4893,1
3265,3329,1
3329,3845,1
3329,4893,1
3265,2475,1
3845,2475,1
2475,4893,1
3265,3716,1
3716,3845,1
3716,4893,1
3265,5598,1
3845,5598,1
5598,4893,1
3265,3832,1
3832,3845,1
3832,4893,1
3265,5445,1
3845,5445,1
4893,5445,1
3265,11108,1
3845,11108,1
4893,11108,1
2553,3265,1
2553,3845,1
2553,4893,1
3265,9767,1
3845,9767,1
4893,9767,1
1736,3265,1
1736,3845,1
1736,4893,1
3265,65264,1
3845,65264,1
4893,65264,1
1457,3265,1
1457,3845,1
1457,4893,1
2058,3265,1
2058,3845,1
2058,4893,1
978,3795,1
1633,3795,1
3795,6240,1
3795,7298,1
51727,3795,1
5243,3795,1
978,10783,1
1633,10783,1
10783,6240,1
10783,7298,1
51727,10783,1
5243,10783,1
978,5058,1
1633,5058,1
5058,6240,1
5058,7298,1
51727,5058,1
5243,5058,1
1948,3265,1
1948,3845,1
1948,4893,1
3265,4190,1
3845,4190,1
4190,4893,1
3265,4691,1
3845,4691,1
4691,4893,1
3265,4704,1
3845,4704,1
4704,4893,1
1072,3265,1
1072,3845,1
1072,4893,1
978,5609,1
1633,5609,1
5609,6240,1
5609,7298,1
51727,5609,1
5243,5609,1
978,25865,1
1633,25865,1
25865,6240,1
25865,7298,1
51727,25865,1
5243,25865,1
3265,3313,1
3313,3845,1
3313,4893,1
3265,55699,1
55699,3845,1
55699,4893,1
3265,6924,1
3845,6924,1
4893,6924,1
3265,4835,1
3845,4835,1
4835,4893,1
3265,4931,1
3845,4931,1
4893,4931,1
978,5170,1
1633,5170,1
5170,6240,1
5170,7298,1
51727,5170,1
5243,5170,1
811,3265,1
811,3845,1
811,4893,1
7840,3265,1
7840,3845,1
7840,4893,1
3265,22938,1
3845,22938,1
4893,22938,1
3265,5320,1
3845,5320,1
4893,5320,1
3265,146057,1
3845,146057,1
4893,146057,1
3265,51182,1
51182,3845,1
51182,4893,1
3265,8518,1
8518,3845,1
8518,4893,1
213,8061,1
8061,5004,1
8061,3815,1
8061,5979,1
8061,4914,1
1436,8061,1
8061,5156,1
780,8061,1
25,8061,1
8061,5159,1
5243,8061,1
9429,8061,1
978,1445,1
1445,1633,1
1445,6240,1
1445,7298,1
51727,1445,1
5243,1445,1
978,2241,1
1633,2241,1
2241,6240,1
2241,7298,1
51727,2241,1
5243,2241,1
978,3791,1
1633,3791,1
3791,7298,1
51727,3791,1
5243,3791,1
978,7867,1
1633,7867,1
7867,6240,1
7867,7298,1
51727,7867,1
5243,7867,1
978,8877,1
1633,8877,1
6240,8877,1
8877,7298,1
51727,8877,1
5243,8877,1
3265,6118,1
3845,6118,1
4893,6118,1
140735,3265,1
140735,3845,1
140735,4893,1
3265,5887,1
3845,5887,1
4893,5887,1
3265,23512,1
3845,23512,1
4893,23512,1
3265,23658,1
3845,23658,1
23658,4893,1
1495,3265,1
1495,3845,1
1495,4893,1
3265,23043,1
3845,23043,1
4893,23043,1
3265,3376,1
3376,3845,1
3376,4893,1
5394,3265,1
5394,3845,1
5394,4893,1
308,4609,1
978,8737,1
1633,8737,1
8737,6240,1
8737,7298,1
51727,8737,1
5243,8737,1
3265,84844,1
3845,84844,1
4893,84844,1
2737,3265,1
2737,3845,1
2737,4893,1
3265,10972,1
3845,10972,1
4893,10972,1
3265,10988,1
3845,10988,1
10988,4893,1
5610,3265,1
5610,3845,1
5610,4893,1
3265,7311,1
3845,7311,1
4893,7311,1
1891,3265,1
1891,3845,1
1891,4893,1
978,6885,1
1633,6885,1
6885,6240,1
6885,7298,1
51727,6885,1
5243,6885,1
3265,10651,1
3845,10651,1
10651,4893,1
3265,5300,1
3845,5300,1
4893,5300,1
3265,8554,1
3845,8554,1
4893,8554,1
3265,7226,1
3845,7226,1
4893,7226,1
4609,9868,1
978,1454,1
1454,1633,1
1454,6240,1
1454,7298,1
51727,1454,1
5243,1454,1
978,2321,1
1633,2321,1
2321,6240,1
2321,7298,1
51727,2321,1
5243,2321,1
3265,9378,1
3845,9378,1
4893,9378,1
54815,3265,1
54815,3845,1
54815,4893,1
3265,197259,1
3845,197259,1
197259,4893,1
3265,4953,1
3845,4953,1
4893,4953,1
1958,4609,1
978,204851,1
1633,204851,1
204851,6240,1
204851,7298,1
51727,204851,1
5243,204851,1
978,53632,1
1633,53632,1
53632,6240,1
53632,7298,1
51727,53632,1
5243,53632,1
3265,3611,1
3611,3845,1
3611,4893,1
3265,9918,1
3845,9918,1
9918,4893,1
978,23604,1
23604,1633,1
23604,6240,1
23604,7298,1
51727,23604,1
5243,23604,1
978,2870,1
1633,2870,1
2870,6240,1
2870,7298,1
51727,2870,1
5243,2870,1
978,1263,1
1633,1263,1
1263,6240,1
1263,7298,1
51727,1263,1
5243,1263,1
3265,5663,1
3845,5663,1
4893,5663,1
2959,4609,1
203,978,1
203,1633,1
203,6240,1
203,7298,1
203,51727,1
5243,203,1
801,978,1
801,1633,1
801,6240,1
801,7298,1
801,51727,1
3265,9533,1
3845,9533,1
4893,9533,1
54512,3265,1
54512,3845,1
54512,4893,1
4609,5728,1
644,4609,1
10664,4609,1
833,978,1
833,1633,1
833,6240,1
833,7298,1
833,51727,1
978,8837,1
8837,1633,1
8837,6240,1
8837,7298,1
8837,51727,1
5243,8837,1
978,1856,1
1633,1856,1
1856,6240,1
1856,7298,1
51727,1856,1
5243,1856,1
978,2041,1
1633,2041,1
2041,6240,1
2041,7298,1
51727,2041,1
5243,2041,1
978,5045,1
1633,5045,1
5045,6240,1
5045,7298,1
51727,5045,1
5243,5045,1
978,4214,1
1633,4214,1
4214,6240,1
4214,7298,1
51727,4214,1
5243,4214,1
978,5602,1
1633,5602,1
5602,6240,1
5602,7298,1
51727,5602,1
5243,5602,1
978,5586,1
1633,5586,1
5586,6240,1
5586,7298,1
51727,5586,1
5243,5586,1
978,5699,1
1633,5699,1
5699,6240,1
5699,7298,1
51727,5699,1
5243,5699,1
978,6041,1
1633,6041,1
6041,6240,1
6041,7298,1
51727,6041,1
5243,6041,1
978,6240,1
1633,6240,1
6240,7298,1
51727,6240,1
5243,6240,1
978,7780,1
1633,7780,1
6240,7780,1
7780,7298,1
51727,7780,1
5243,7780,1
978,4089,1
1633,4089,1
6240,4089,1
4089,7298,1
51727,4089,1
5243,4089,1
978,6775,1
1633,6775,1
6240,6775,1
6775,7298,1
51727,6775,1
5243,6775,1
699,1545,1
596,699,1
5243,699,1
9429,699,1
1244,699,1
716,1545,1
596,716,1
5243,716,1
9429,716,1
1244,716,1
833,1545,1
596,833,1
1244,833,1
873,1545,1
596,873,1
5243,873,1
9429,873,1
1244,873,1
271,1545,1
271,596,1
5243,271,1
9429,271,1
1244,271,1
1545,2188,1
596,2188,1
5243,2188,1
9429,2188,1
1244,2188,1
1545,2547,1
596,2547,1
5243,2547,1
9429,2547,1
1244,2547,1
1545,3054,1
596,3054,1
5243,3054,1
9429,3054,1
1244,3054,1
1545,3611,1
596,3611,1
5243,3611,1
9429,3611,1
1244,3611,1
1545,5530,1
596,5530,1
1244,5530,1
10295,1545,1
10295,596,1
5243,10295,1
9429,10295,1
1244,10295,1
1545,5792,1
596,5792,1
5243,5792,1
9429,5792,1
1244,5792,1
1545,5883,1
596,5883,1
5243,5883,1
9429,5883,1
1244,5883,1
1545,5985,1
596,5985,1
5243,5985,1
9429,5985,1
1244,5985,1
1545,6608,1
596,6608,1
5243,6608,1
9429,6608,1
1244,6608,1
330,1545,1
5243,330,1
9429,330,1
1244,330,1
1545,6648,1
596,6648,1
5243,6648,1
9429,6648,1
1244,6648,1
6790,1545,1
6790,596,1
9429,6790,1
1244,6790,1
4609,4915,1
1984,8883,1
2197,8883,1
330,8883,1
599,8883,1
8678,8883,1
8883,8797,1
8883,23411,1
29082,8883,1
356,8883,1
4074,8883,1
4176,8883,1
4217,8883,1
8883,387,1
8883,4671,1
8883,4780,1
8883,4998,1
5167,8883,1
5594,8883,1
578,8883,1
8883,6203,1
8883,6591,1
8883,6723,1
8883,6788,1
8883,6827,1
8883,6934,1
8883,7027,1
8883,7185,1
8883,7187,1
8883,7494,1
8883,7703,1
8900,8883,1
673,8883,1
8883,9246,1
9759,8883,1
8883,10298,1
10447,8883,1
8883,10497,1
10533,8883,1
10694,8883,1
8883,10813,1
8883,10921,1
8883,22978,1
8883,23368,1
8883,55504,1
81620,8883,1
253430,8883,1
1490,8883,1
27,8883,1
1856,8883,1
2149,8883,1
2309,8883,1
3099,8883,1
338,8883,1
350,8883,1
3558,8883,1
8883,5985,1
8883,6241,1
8883,7298,1
8883,7374,1
8883,7486,1
8883,7508,1
8883,7518,1
841,8883,1
8883,8554,1
891,8883,1
8945,8883,1
9112,8883,1
8883,9126,1
8883,10051,1
10524,8883,1
10613,8883,1
8883,10721,1
10898,8883,1
1027,8883,1
26993,8883,1
8883,27244,1
1384,8883,1
210,8883,1
8883,54386,1
1454,8883,1
1718,8883,1
1719,8883,1
340273,8883,1
1871,8883,1
2033,8883,1
2068,8883,1
2237,8883,1
2956,8883,1
345,8883,1
3476,8883,1
4221,8883,1
4255,8883,1
8883,4728,1
8883,4869,1
8883,4968,1
8883,5087,1
8883,5516,1
3265,25898,1
3845,25898,1
4893,25898,1
8574,213,1
8574,5004,1
8574,3815,1
8574,5979,1
8574,4914,1
8574,1436,1
8574,5156,1
8574,780,1
25,8574,1
8574,5159,1
5243,8574,1
9429,8574,1
213,2677,1
2677,5004,1
2677,3815,1
2677,5979,1
2677,4914,1
1436,2677,1
2677,5156,1
780,2677,1
25,2677,1
2677,5159,1
5243,2677,1
9429,2677,1
213,3122,1
3122,5004,1
3122,3815,1
3122,5979,1
3122,4914,1
1436,3122,1
3122,5156,1
780,3122,1
25,3122,1
3122,5159,1
5243,3122,1
9429,3122,1
213,3688,1
3688,5004,1
3688,3815,1
3688,5979,1
3688,4914,1
1436,3688,1
3688,5156,1
780,3688,1
25,3688,1
3688,5159,1
5243,3688,1
9429,3688,1
213,8202,1
8202,5004,1
3815,8202,1
8202,5979,1
8202,4914,1
1436,8202,1
8202,5156,1
780,8202,1
25,8202,1
8202,5159,1
5243,8202,1
9429,8202,1
213,5352,1
5004,5352,1
3815,5352,1
5352,5979,1
4914,5352,1
1436,5352,1
5156,5352,1
780,5352,1
25,5352,1
5159,5352,1
5243,5352,1
9429,5352,1
213,5906,1
5004,5906,1
3815,5906,1
5906,5979,1
4914,5906,1
1436,5906,1
5156,5906,1
780,5906,1
25,5906,1
5159,5906,1
5243,5906,1
9429,5906,1
213,9294,1
5004,9294,1
3815,9294,1
5979,9294,1
4914,9294,1
1436,9294,1
5156,9294,1
780,9294,1
25,9294,1
5159,9294,1
5243,9294,1
9429,9294,1
213,6672,1
5004,6672,1
3815,6672,1
5979,6672,1
4914,6672,1
1436,6672,1
5156,6672,1
780,6672,1
25,6672,1
5159,6672,1
5243,6672,1
9429,6672,1
2194,4609,1
637,4609,1
57657,3265,1
57657,3845,1
57657,4893,1
213,1737,1
1737,5004,1
1737,3815,1
1737,5979,1
1737,4914,1
1436,1737,1
1737,5156,1
780,1737,1
25,1737,1
1737,5159,1
5243,1737,1
9429,1737,1
213,6500,1
5004,6500,1
3815,6500,1
5979,6500,1
4914,6500,1
1436,6500,1
5156,6500,1
780,6500,1
25,6500,1
5159,6500,1
5243,6500,1
9429,6500,1
213,563,1
563,5004,1
563,3815,1
563,5979,1
563,4914,1
563,1436,1
563,5156,1
563,780,1
25,563,1
563,5159,1
5243,563,1
9429,563,1
213,801,1
801,5004,1
801,3815,1
801,5979,1
801,4914,1
801,1436,1
801,5156,1
801,780,1
25,801,1
801,5159,1
9429,801,1
213,833,1
833,5004,1
833,3815,1
833,5979,1
833,4914,1
833,1436,1
833,5156,1
833,780,1
25,833,1
833,5159,1
213,1508,1
1508,5004,1
1508,3815,1
1508,5979,1
1508,4914,1
1436,1508,1
1508,5156,1
1508,780,1
25,1508,1
1508,5159,1
5243,1508,1
9429,1508,1
213,7852,1
7852,5004,1
7852,3815,1
7852,5979,1
7852,4914,1
1436,7852,1
7852,5156,1
7852,780,1
25,7852,1
7852,5159,1
5243,7852,1
9429,7852,1
11113,3265,1
11113,3845,1
11113,4893,1
11325,3265,1
11325,3845,1
11325,4893,1
3265,29116,1
3845,29116,1
29116,4893,1
213,230,1
230,5004,1
230,3815,1
230,5979,1
230,4914,1
230,1436,1
230,5156,1
230,780,1
25,230,1
230,5159,1
5243,230,1
9429,230,1
213,9794,1
9794,5004,1
3815,9794,1
9794,5979,1
9794,4914,1
1436,9794,1
9794,5156,1
780,9794,1
25,9794,1
9794,5159,1
5243,9794,1
9429,9794,1
213,5914,1
5004,5914,1
3815,5914,1
5914,5979,1
4914,5914,1
1436,5914,1
5156,5914,1
780,5914,1
25,5914,1
5159,5914,1
5243,5914,1
9429,5914,1
213,538,1
538,5004,1
538,3815,1
538,5979,1
538,4914,1
538,1436,1
538,5156,1
538,780,1
25,538,1
538,5159,1
5243,538,1
9429,538,1
213,7088,1
5004,7088,1
3815,7088,1
5979,7088,1
4914,7088,1
1436,7088,1
5156,7088,1
780,7088,1
25,7088,1
5159,7088,1
5243,7088,1
9429,7088,1
213,8805,1
5004,8805,1
3815,8805,1
5979,8805,1
4914,8805,1
1436,8805,1
5156,8805,1
780,8805,1
25,8805,1
5159,8805,1
5243,8805,1
9429,8805,1
10058,213,1
10058,5004,1
10058,3815,1
10058,5979,1
10058,4914,1
10058,1436,1
10058,5156,1
10058,780,1
10058,25,1
10058,5159,1
5243,10058,1
10058,9429,1
213,760,1
760,5004,1
760,3815,1
760,5979,1
760,4914,1
760,1436,1
760,5156,1
760,780,1
25,760,1
760,5159,1
5243,760,1
9429,760,1
213,634,1
634,5004,1
634,3815,1
634,5979,1
634,4914,1
634,1436,1
634,5156,1
634,780,1
25,634,1
634,5159,1
5243,634,1
9429,634,1
2961,4609,1
3265,5649,1
3845,5649,1
4893,5649,1
213,83737,1
83737,5004,1
83737,3815,1
83737,5979,1
83737,4914,1
1436,83737,1
83737,5156,1
780,83737,1
25,83737,1
83737,5159,1
5243,83737,1
9429,83737,1
213,6303,1
5004,6303,1
3815,6303,1
5979,6303,1
4914,6303,1
1436,6303,1
5156,6303,1
780,6303,1
25,6303,1
5159,6303,1
5243,6303,1
9429,6303,1
213,7168,1
5004,7168,1
3815,7168,1
5979,7168,1
4914,7168,1
1436,7168,1
5156,7168,1
780,7168,1
25,7168,1
5159,7168,1
5243,7168,1
9429,7168,1
213,27297,1
27297,5004,1
27297,3815,1
27297,5979,1
27297,4914,1
27297,1436,1
27297,5156,1
27297,780,1
25,27297,1
27297,5159,1
5243,27297,1
9429,27297,1
3458,4609,1
3265,29978,1
3845,29978,1
4893,29978,1
657,3265,1
657,3845,1
657,4893,1
3265,8883,1
8883,4893,1
213,23576,1
23576,5004,1
23576,3815,1
23576,5979,1
23576,4914,1
1436,23576,1
23576,5156,1
23576,780,1
25,23576,1
23576,5159,1
5243,23576,1
9429,23576,1
213,25888,1
5004,25888,1
3815,25888,1
5979,25888,1
4914,25888,1
1436,25888,1
5156,25888,1
780,25888,1
25,25888,1
5159,25888,1
5243,25888,1
9429,25888,1
3265,3651,1
3845,3651,1
4893,3651,1
3265,6258,1
3845,6258,1
4893,6258,1
3265,10621,1
3845,10621,1
4893,10621,1
213,5588,1
5004,5588,1
3815,5588,1
5588,5979,1
4914,5588,1
1436,5588,1
5156,5588,1
780,5588,1
25,5588,1
5159,5588,1
5243,5588,1
9429,5588,1
3845,5347,1
3265,5347,1
4893,5347,1
3265,5859,1
3845,5859,1
4893,5859,1
3265,4297,1
3845,4297,1
4297,4893,1
213,3428,1
3428,5004,1
3428,3815,1
3428,5979,1
3428,4914,1
1436,3428,1
3428,5156,1
780,3428,1
25,3428,1
3428,5159,1
5243,3428,1
9429,3428,1
213,3565,1
3565,5004,1
3565,3815,1
3565,5979,1
3565,4914,1
1436,3565,1
3565,5156,1
780,3565,1
25,3565,1
3565,5159,1
5243,3565,1
9429,3565,1
213,1213,1
1213,5004,1
1213,3815,1
1213,5979,1
1213,4914,1
1213,1436,1
1213,5156,1
1213,780,1
25,1213,1
1213,5159,1
5243,1213,1
9429,1213,1
4193,4609,1
3265,57551,1
3845,57551,1
4893,57551,1
3265,7321,1
3845,7321,1
4893,7321,1
3265,5686,1
4893,5686,1
2,3265,1
2,3845,1
2,4893,1
213,7082,1
5004,7082,1
3815,7082,1
5979,7082,1
4914,7082,1
1436,7082,1
5156,7082,1
780,7082,1
25,7082,1
5159,7082,1
5243,7082,1
9429,7082,1
2274,4609,1
4609,7444,1
3265,5428,1
3845,5428,1
4893,5428,1
213,816,1
816,5004,1
816,3815,1
816,5979,1
816,4914,1
816,1436,1
816,5156,1
816,780,1
25,816,1
816,5159,1
5243,816,1
9429,816,1
9817,4609,1
4609,23338,1
3265,4771,1
3845,4771,1
4771,4893,1
3265,6772,1
3845,6772,1
4893,6772,1
2166,4609,1
2627,3265,1
2627,3845,1
2627,4893,1
3265,6240,1
3845,6240,1
4893,6240,1
10094,3265,1
10094,3845,1
10094,4893,1
3265,9939,1
3845,9939,1
4893,9939,1
3588,4609,1
4609,9246,1
999,4609,1
55143,3265,1
55143,4893,1
213,10813,1
5004,10813,1
3815,10813,1
5979,10813,1
4914,10813,1
1436,10813,1
5156,10813,1
780,10813,1
25,10813,1
5159,10813,1
5243,10813,1
9429,10813,1
4609,5524,1
4609,10048,1
4609,4891,1
4609,8140,1
4609,51776,1
10379,4609,1
4609,5252,1
539,4609,1
4609,54472,1
3265,9688,1
3845,9688,1
4893,9688,1
5243,5530,1
9429,5530,1
4609,5747,1
4609,6015,1
213,572,1
572,5004,1
572,3815,1
572,5979,1
572,4914,1
572,1436,1
572,5156,1
572,780,1
25,572,1
572,5159,1
5243,572,1
9429,572,1
2241,4609,1
2768,4609,1
51170,4609,1
10094,4609,1
10093,4609,1
4609,8396,1
4609,5564,1
213,3665,1
3665,5004,1
3665,3815,1
3665,5979,1
3665,4914,1
1436,3665,1
3665,5156,1
780,3665,1
25,3665,1
3665,5159,1
5243,3665,1
9429,3665,1
2180,213,1
2180,5004,1
2180,3815,1
2180,5979,1
2180,4914,1
2180,1436,1
2180,5156,1
2180,780,1
25,2180,1
2180,5159,1
5243,2180,1
9429,2180,1
3821,4609,1
4609,5534,1
978,2047,1
1633,2047,1
2047,6240,1
2047,7298,1
51727,2047,1
5243,2047,1
3265,5693,1
4893,5693,1
3265,10482,1
3845,10482,1
4893,10482,1
4609,4801,1
4609,7181,1
4609,57144,1
4609,84108,1
4609,5165,1
4609,6102,1
604,4609,1
4609,6251,1
8548,4609,1
978,3055,1
1633,3055,1
3055,6240,1
3055,7298,1
51727,3055,1
5243,3055,1
978,65266,1
1633,65266,1
6240,65266,1
7298,65266,1
51727,65266,1
5243,65266,1
10097,3265,1
10097,3845,1
10097,4893,1
213,54577,1
5004,54577,1
3815,54577,1
5979,54577,1
4914,54577,1
1436,54577,1
5156,54577,1
780,54577,1
25,54577,1
5159,54577,1
5243,54577,1
9429,54577,1
2065,4609,1
7840,4609,1
3479,4609,1
83999,4609,1
4609,51444,1
4609,10110,1
4609,6659,1
4609,10617,1
673,4609,1
4609,80746,1
10109,3265,1
10109,3845,1
10109,4893,1
3265,5422,1
3845,5422,1
4893,5422,1
978,1606,1
1633,1606,1
1606,6240,1
1606,7298,1
51727,1606,1
5243,1606,1
55127,3265,1
55127,3845,1
55127,4893,1
6790,978,1
6790,1633,1
6790,6240,1
6790,7298,1
6790,51727,1
978,80025,1
1633,80025,1
80025,6240,1
80025,7298,1
51727,80025,1
5243,80025,1
5243,801,1
1029,8883,1
84433,8883,1
317,8883,1
332,8883,1
3297,8883,1
3559,8883,1
3586,8883,1
3606,8883,1
4303,8883,1
8883,4683,1
8883,4832,1
8883,5289,1
573,8883,1
5595,8883,1
8883,5696,1
8883,7188,1
7852,8883,1
8883,8717,1
9131,8883,1
8883,9618,1
8883,10392,1
8883,10769,1
8883,10868,1
898,8883,1
10933,8883,1
929,8883,1
23581,8883,1
8883,51330,1
57448,8883,1
3920,8883,1
3978,8883,1
4294,8883,1
4331,8883,1
4609,8883,1
8883,4791,1
8883,4929,1
8883,5325,1
8883,5663,1
8883,5684,1
8883,5709,1
8883,5875,1
8883,7528,1
662,8883,1
8525,8883,1
8841,8883,1
8883,8879,1
9133,8883,1
9156,8883,1
9459,8883,1
9474,8883,1
694,8883,1
9531,8883,1
695,8883,1
8883,10383,1
839,8883,1
8883,10477,1
8883,10857,1
8883,11065,1
25,8883,1
8883,64127,1
64170,8883,1
64422,8883,1
8883,65264,1
8883,80230,1
1080,8883,1
208,8883,1
1211,8883,1
1612,8883,1
1677,8883,1
1869,8883,1
1978,8883,1
8883,331,1
3162,8883,1
8883,5887,1
8883,5889,1
8883,5921,1
8883,5932,1
8883,5981,1
8883,6208,1
8883,142,1
8883,9706,1
8883,9748,1
8883,10253,1
8883,10856,1
11200,8883,1
8883,11284,1
22944,8883,1
1022,8883,1
8883,23047,1
23464,8883,1
1069,8883,1
8883,64326,1
1737,8883,1
151636,8883,1
8883,387893,1
2189,8883,1
8883,2547,1
2965,8883,1
3146,8883,1
3148,8883,1
3242,8883,1
3608,8883,1
506,8883,1
4193,8883,1
8883,5366,1
8883,5618,1
9429,833,1
213,8325,1
8325,5004,1
8325,3815,1
8325,5979,1
8325,4914,1
1436,8325,1
8325,5156,1
780,8325,1
25,8325,1
8325,5159,1
5243,8325,1
9429,8325,1
978,1453,1
1453,1633,1
1453,6240,1
1453,7298,1
51727,1453,1
5243,1453,1
213,1211,1
1211,5004,1
1211,3815,1
1211,5979,1
1211,4914,1
1211,1436,1
1211,5156,1
1211,780,1
25,1211,1
1211,5159,1
5243,1211,1
9429,1211,1
8536,978,1
8536,1633,1
8536,6240,1
8536,7298,1
8536,51727,1
5243,8536,1
5243,6790,1
3778,4609,1
3265,4763,1
3845,4763,1
4763,4893,1
4609,5906,1
80314,8883,1
218,8883,1
1605,8883,1
1616,8883,1
1643,8883,1
1892,8883,1
1936,8883,1
2072,8883,1
2308,8883,1
3014,8883,1
8883,3093,1
3214,8883,1
4055,8883,1
4258,8883,1
8883,388,1
4615,8883,1
8883,4792,1
475,8883,1
8883,5578,1
8883,5590,1
8883,5720,1
8883,5728,1
8883,5925,1
8883,6446,1
8883,6772,1
598,8883,1
8883,7132,1
8883,7153,1
624,8883,1
8883,7159,1
637,8883,1
8883,7321,1
8883,7323,1
8883,7345,1
663,8883,1
7915,8883,1
8883,8243,1
665,8883,1
8517,8883,1
672,8883,1
8883,8771,1
8772,8883,1
9140,8883,1
8883,9604,1
9734,8883,1
836,8883,1
10018,8883,1
8883,10038,1
8883,10125,1
8883,10201,1
840,8883,1
842,8883,1
8883,10617,1
10645,8883,1
883,8883,1
914,8883,1
8883,11073,1
26574,8883,1
29775,8883,1
8883,51079,1
970,8883,1
8883,55825,1
4171,8883,1
4174,8883,1
8883,4734,1
8883,4976,1
8883,5533,1
8883,5591,1
8883,5716,1
8883,5930,1
581,8883,1
6790,8883,1
8883,7157,1
8453,8883,1
8883,8565,1
8738,8883,1
9134,8883,1
9212,8883,1
837,8883,1
51182,8883,1
1676,8883,1
2717,8883,1
3029,8883,1
3065,8883,1
3119,8883,1
3480,8883,1
3551,8883,1
8883,5982,1
8883,6240,1
8883,7465,1
8883,8604,1
902,8883,1
55107,8883,1
55120,8883,1
64858,8883,1
1642,8883,1
2071,8883,1
2188,8883,1
2946,8883,1
5243,833,1
9447,4609,1
545,978,1
545,1633,1
545,6240,1
545,7298,1
545,51727,1
5243,545,1
207,8883,1
79885,8883,1
83933,8883,1
1212,8883,1
1459,8883,1
1613,8883,1
1848,8883,1
1974,8883,1
2081,8883,1
329,8883,1
2175,8883,1
3553,8883,1
3576,8883,1
355,8883,1
3726,8883,1
3934,8883,1
4292,8883,1
8883,4790,1
8883,4804,1
8883,5036,1
545,8883,1
8883,5329,1
8883,5563,1
8883,5564,1
5599,8883,1
5606,8883,1
8883,5810,1
8883,6621,1
8883,7001,1
8883,7040,1
8883,7124,1
8883,7251,1
135,8883,1
7965,8883,1
8883,7988,1
664,8883,1
8883,8737,1
8883,8743,1
8837,8883,1
8850,8883,1
8915,8883,1
9700,8883,1
8883,10285,1
8883,10733,1
23604,8883,1
25842,8883,1
8883,944,1
51053,8883,1
8883,51720,1
196,8883,1
8883,55558,1
995,8883,1
55832,8883,1
8883,57761,1
472,8883,1
8883,5451,1
5610,8883,1
8883,9616,1
27113,8883,1
958,8883,1
1852,8883,1
2067,8883,1
2355,8883,1
8883,6118,1
8883,7150,1
8883,7175,1
8883,5686,1
1111,8883,1
1147,8883,1
1457,8883,1
2073,8883,1
2289,8883,1
2730,8883,1
3091,8883,1
4605,8883,1
8883,4719,1
8883,5649,1
8883,5698,1
8883,5699,1
8883,5894,1
8883,6199,1
8883,6622,1
8883,6647,1
8883,6721,1
8883,6794,1
8883,7016,1
8883,7128,1
8883,7158,1
8883,7334,1
8883,7398,1
8883,7780,1
8535,8883,1
8883,8784,1
8883,9097,1
8883,143,1
8883,23657,1
8883,25913,1
30001,8883,1
8883,51588,1
8883,51741,1
56616,8883,1
8883,5111,1
8883,5883,1
8883,6119,1
641,8883,1
3383,8883,1
2746,8883,1
3725,8883,1
3980,8883,1
4170,8883,1
8883,5546,1
8883,7013,1
8883,7319,1
8883,7332,1
1017,8883,1
8883,8493,1
3364,8883,1
978,1111,1
1111,1633,1
1111,6240,1
1111,7298,1
1111,51727,1
5243,1111,1
94235,8883,1
8883,2810,1
4616,8883,1
8883,5777,1
8883,6117,1
8883,7083,1
8883,7335,1
8883,8438,1
675,8883,1
688,8883,1
9412,8883,1
9656,8883,1
26271,8883,1
8883,54623,1
993,8883,1
3791,6240,1
3265,3815,1
673,4893,1
596,330,1
4609,5715,1
673,3265,1
673,3845,1
4609,5932,1
2475,4609,1
2932,4609,1
5594,4609,1
5925,7153,1
675,10038,1
2475,7428,1
9181,7157,1
3845,7416,1
4233,7428,1
1659,3845,1
3845,10051,1
3845,29110,1
1719,4436,1
4292,5428,1
4436,5423,1
1956,5567,1
1956,5580,1
1956,5581,1
1956,5590,1
25,1956,1
801,1956,1
966,1956,1
1956,2263,1
1956,5295,1
1956,5296,1
1956,5979,1
1956,9252,1
1956,4087,1
1849,1956,1
1956,6464,1
9564,1956,1
3265,5580,1
545,3845,1
4292,65018,1
4436,65018,1
2956,65018,1
3845,1432,1
3845,6885,1
25836,142,1
142,8243,1
142,9126,1
3845,7150,1
3481,7157,1
10135,10038,1
10038,8243,1
10038,9126,1
2475,5728,1
332,3265,1
5562,7157,1
5925,6502,1
672,10038,1
1956,10038,1
672,142,1
890,3845,1
11004,3845,1
3845,8883,1
55143,3845,1
3845,5686,1
3845,5693,1
675,7157,1
5604,7428,1
1021,7428,1
142,5728,1
3845,5347,1
672,7157,1
11200,7157,1
9261,7157,1
5347,7157,1
1019,3845,1
10110,7157,1
5063,7157,1
6790,1956,1
208,1956,1
1956,2065,1
10135,142,1
7157,7465,1
545,7157,1
1111,7157,1
1956,6774,1
4486,6194,1
1956,3845,1
675,142,1
238,10018,1
238,4170,1
324,4609,1
842,142,1
207,2194,1
4609,10111,1
4609,5889,1
4609,7518,1
10111,5888,1
4609,5925,1
1869,1871,1
1869,5925,1
1017,7157,1
207,367,1
367,5594,1
367,5599,1
207,842,1
4609,142,1
1490,8428,1
4485,8428,1
1062,5595,1
2353,5594,1
4296,4790,1
4296,142,1
1385,1387,1
5347,7702,1
1017,1026,1
672,81620,1
81620,1111,1
672,9734,1
81620,9734,1
1111,9734,1
9734,5932,1
672,5932,1
81620,5932,1
1111,5932,1
81620,7157,1
9734,7157,1
5932,7157,1
8837,56616,1
8837,331,1
841,56616,1
8837,4609,1
56616,4609,1
4609,331,1
841,331,1
1956,4170,1
238,4233,1
10018,4233,1
4170,4233,1
238,2475,1
10018,2475,1
4170,2475,1
4233,2475,1
238,142,1
238,6774,1
7832,5599,1
7832,3725,1
598,1111,1
598,142,1
1029,1111,1
1029,11200,1
2475,5591,1
5290,5591,1
545,5591,1
57819,4609,1
57819,84844,1
4609,84844,1
324,4292,1
4292,4609,1
3569,3717,1
3569,6774,1
3717,6774,1
836,3551,1
836,6714,1
836,8797,1
836,8795,1
598,840,1
836,840,1
840,3551,1
840,6714,1
840,8797,1
840,8795,1
598,841,1
840,841,1
841,3551,1
841,6714,1
841,8797,1
841,8795,1
596,595,1
595,1026,1
596,2064,1
596,1647,1
595,1647,1
1026,1647,1
598,3551,1
596,4174,1
595,4174,1
1026,4174,1
1647,4174,1
2064,4609,1
207,6241,1
3551,6714,1
598,8797,1
3551,8797,1
6714,8797,1
598,8795,1
3551,8795,1
6714,8795,1
8797,8795,1
596,7465,1
9429,672,1
641,675,1
596,842,1
10018,1017,1
1062,2064,1
1956,2064,1
641,3014,1
675,3014,1
2064,142,1
675,7001,1
3014,7001,1
7001,7520,1
9429,7150,1
672,7150,1
641,7157,1
7001,7157,1
7157,7520,1
641,7520,1
675,7520,1
3014,7520,1
672,1642,1
675,1642,1
1642,142,1
596,4609,1
641,7001,1
598,836,1
3688,4609,1
578,10018,1
578,1956,1
581,1956,1
578,2064,1
581,2064,1
2064,5594,1
578,5594,1
578,5290,1
581,5290,1
10018,5290,1
1956,5290,1
2064,5290,1
5594,5290,1
581,10018,1
581,5594,1
10018,5594,1
596,329,1
329,2247,1
329,330,1
330,2247,1
596,1977,1
329,1977,1
330,1977,1
596,2247,1
329,4609,1
330,4609,1
2247,4609,1
673,836,1
983,1025,1
1017,1025,1
3337,1959,1
3337,5591,1
1959,5591,1
207,2064,1
2064,2194,1
3337,3308,1
1959,3308,1
3337,3725,1
1959,3725,1
3308,3725,1
3725,5591,1
672,4609,1
675,4609,1
3098,4609,1
4609,2547,1
3014,142,1
3845,142,1
10111,2547,1
3014,5888,1
5591,5888,1
5888,2547,1
672,5889,1
675,5889,1
5591,5889,1
10111,5889,1
5888,5889,1
5889,2547,1
3939,23411,1
993,7157,1
983,7157,1
1025,7157,1
2064,7157,1
2194,7157,1
23411,7157,1
672,7518,1
675,7518,1
5591,7518,1
10111,7518,1
5888,7518,1
7518,2547,1
675,2547,1
5591,2547,1
8505,142,1
207,841,1
841,999,1
841,8772,1
841,5594,1
672,995,1
991,999,1
207,8837,1
8837,8772,1
8837,5594,1
8837,8795,1
675,11200,1
238,4921,1
4921,6595,1
4921,6597,1
672,1869,1
995,1869,1
11200,1869,1
4921,1956,1
1956,6595,1
1956,6597,1
207,8772,1
8772,5594,1
8772,8795,1
2237,5888,1
4921,2260,1
2260,6595,1
2260,6597,1
1052,3569,1
5594,8795,1
4174,5290,1
672,4194,1
995,4194,1
11200,4194,1
1869,4194,1
3569,4609,1
2064,5335,1
672,5371,1
995,5371,1
11200,5371,1
1869,5371,1
4194,5371,1
672,5524,1
995,5524,1
11200,5524,1
1869,5524,1
4194,5524,1
5371,5524,1
142,10111,1
238,6595,1
238,6597,1
5985,8243,1
5985,9126,1
8243,9126,1
207,8795,1
995,7157,1
1871,7157,1
5371,7157,1
5524,7157,1
367,836,1
836,3725,1
836,5594,1
836,5599,1
836,10451,1
367,842,1
842,3725,1
842,5594,1
842,5599,1
842,10451,1
207,3725,1
367,3725,1
3725,5594,1
3725,10451,1
5594,5599,1
207,10451,1
5594,10451,1
5599,10451,1
56998,4609,1
324,4790,1
324,5743,1
324,581,1
581,4609,1
581,4790,1
581,5743,1
4609,5743,1
4609,4790,1
4790,5743,1
324,7157,1
4790,7157,1
5743,7157,1
1612,23636,1
23636,142,1
1612,142,1
4609,10135,1
10135,7157,1
3725,4609,1
5599,4609,1
581,7157,1
1111,7150,1
4292,7150,1
142,7150,1
7150,7157,1
5728,7157,1
1869,142,1
207,9474,1
207,8678,1
9474,8678,1
9474,836,1
8678,836,1
9474,2475,1
8678,2475,1
10018,3725,1
3725,4088,1
10018,5599,1
10018,142,1
10018,4088,1
5599,4088,1
142,4088,1
203,208,1
203,1956,1
1956,5925,1
2625,7001,1
578,1021,1
596,1021,1
578,10987,1
596,10987,1
1021,10987,1
578,3688,1
596,3688,1
1021,3688,1
10987,3688,1
578,4609,1
1021,4609,1
10987,4609,1
578,5715,1
1021,5715,1
10987,5715,1
3688,5715,1
5715,6502,1
578,6502,1
596,6502,1
1021,6502,1
10987,6502,1
3688,6502,1
4609,6502,1
578,7157,1
1021,7157,1
10987,7157,1
3688,7157,1
6502,7157,1
836,1958,1
598,1958,1
841,4830,1
836,5290,1
836,5465,1
841,5465,1
4830,5465,1
142,5465,1
5290,5465,1
841,7124,1
4830,7124,1
5465,7124,1
598,7157,1
1958,7157,1
1490,6788,1
11200,142,1
675,7158,1
672,10111,1
675,10111,1
5591,10111,1
382,142,1
9261,142,1
8445,28996,1
8445,4193,1
28996,4193,1
8445,4194,1
28996,4194,1
4193,4194,1
8445,7157,1
28996,7157,1
4194,7157,1
392,1956,1
581,1019,1
596,1019,1
836,5371,1
54205,142,1
54205,5371,1
142,5371,1
836,3845,1
841,3845,1
545,4609,1
11200,4609,1
1111,5290,1
11200,5290,1
1956,3265,1
1956,3815,1
3815,4609,1
1956,4609,1
3265,4609,1
3265,7157,1
3815,7157,1
836,2146,1
836,6198,1
2146,2475,1
2146,6198,1
2146,7157,1
2475,6198,1
10018,673,1
596,4893,1
10018,4893,1
4771,10413,1
207,673,1
207,2313,1
673,2313,1
2353,6418,1
5594,6418,1
5888,6774,1
4613,7157,1
142,255738,1
836,5925,1
581,842,1
842,5925,1
993,995,1
993,1111,1
995,1111,1
993,11200,1
581,54205,1
842,54205,1
54205,5925,1
3725,4091,1
993,10641,1
995,10641,1
1111,10641,1
11200,10641,1
207,5524,1
1956,5524,1
142,5524,1
581,5925,1
207,5591,1
5591,5345,1
207,5345,1
578,672,1
581,672,1
596,672,1
578,142,1
581,142,1
1017,3845,1
1021,3845,1
578,596,1
842,7157,1
1147,4296,1
4296,4792,1
1147,4790,1
4790,4792,1
1147,142,1
4790,142,1
4792,142,1
9641,7124,1
898,7157,1
207,596,1
1950,1956,1
596,5290,1
207,7832,1
7832,5290,1
5052,7001,1
5052,5888,1
7001,5888,1
6513,7428,1
5925,7249,1
207,581,1
207,598,1
581,598,1
207,10018,1
598,10018,1
598,5594,1
207,4170,1
581,4170,1
598,4170,1
5594,4170,1
207,331,1
581,331,1
10018,331,1
5594,331,1
3791,7465,1
5159,7465,1
581,1026,1
836,1026,1
581,5715,1
836,5715,1
596,7157,1
596,836,1
596,1026,1
1026,5715,1
596,5715,1
581,836,1
1111,4763,1
4193,5347,1
4193,10733,1
5347,10733,1
673,4170,1
538,11200,1
472,5728,1
672,5728,1
675,5728,1
472,983,1
545,983,1
675,983,1
983,1111,1
207,836,1
5888,7158,1
672,1111,1
10018,4609,1
3014,7157,1
10018,2064,1
1956,5594,1
142,10038,1
545,672,1
672,11200,1
4292,142,1
4292,7157,1
3725,142,1
5599,142,1
472,5591,1
1956,7157,1
672,5591,1
675,5591,1
472,5290,1
472,4609,1
472,11200,1
545,11200,1
836,2475,1
836,7157,1
596,673,1
142,6774,1
995,11200,1
836,54205,1
596,142,1
207,7157,1
5715,7157,1
545,675,1
675,1111,1
238,1956,1
4609,5888,1
1841,7157,1
1020,142,1
142,7158,1
472,3364,1
4323,4313,1
238,2260,1
1956,2260,1
2744,7248,1
3320,7248,1
5888,7421,1
2188,5599,1
641,2625,1
207,5465,1
672,7158,1
596,4170,1
4609,5624,1
207,142,1
545,5290,1
545,1111,1
142,5290,1
4609,7157,1
472,1111,1
1111,11200,1
207,5290,1
3845,4609,1
1111,10111,1
4609,5292,1
545,142,1
3791,7157,1
5159,7157,1
545,3364,1
2475,5290,1
1029,7157,1
598,6714,1
573,4609,1
2099,5290,1
836,842,1
596,10018,1
1977,2247,1
5599,7157,1
841,991,1
1871,5925,1
3320,7157,1
1869,6872,1
5063,10110,1
1956,5578,1
4170,4609,1
545,2067,1
545,7158,1
596,5347,1
4193,7157,1
2932,7157,1
701,1111,1
841,142,1
1111,4292,1
472,10111,1
1021,5604,1
1432,5599,1
1111,4609,1
4790,331,1
5292,5347,1
598,331,1
4170,331,1
3480,6194,1
3791,5159,1
581,596,1
5290,5728,1
841,8837,1
836,142,1
675,5888,1
578,581,1
836,841,1
2475,7157,1
3725,5599,1
142,7157,1
472,675,1
5925,7157,1
1956,4233,1
4609,5290,1
4609,5591,1
1869,7157,1
1977,4609,1
545,7157,1
367,10451,1
1026,7157,1
1490,4485,1
2322,5599,1
841,4609,1
56616,331,1
6595,6597,1
9734,5347,1
545,2475,1
472,7157,1
11284,5777,1
5290,5291,1
3297,7157,1
10018,983,1
10018,1956,1
328,472,1
836,331,1
5518,5524,1
3845,5925,1
6790,6774,1
4609,8795,1
3845,7157,1
3939,7157,1
5889,7518,1
1385,2475,1
1052,4609,1
6872,6908,1
6883,6908,1
1499,2321,1
1854,7298,1
695,3662,1
207,4089,1
672,51755,1
4609,6597,1
2261,3690,1
4771,5747,1
25,6774,1
142,7518,1
598,1803,1
2322,3815,1
2735,2475,1
2735,5290,1
1026,142,1
1026,3845,1
1026,4609,1
1026,5290,1
1026,7428,1
207,1019,1
1019,5290,1
207,1021,1
1021,5290,1
641,6647,1
11200,6647,1
207,5599,1
207,5594,1
1454,7157,1
1026,1111,1
1956,355,1
5728,5888,1
207,2475,1
836,7124,1
207,9817,1
1111,142,1
1977,2475,1
6198,7157,1
3717,5292,1
1017,4613,1
1956,9734,1
207,1956,1
10018,4170,1
672,898,1
1950,5594,1
1950,6196,1
1956,6196,1
5594,6196,1
3297,3630,1
23512,7750,1
4613,10397,1
23405,7157,1
10733,7157,1
3308,5591,1
983,4609,1
1978,4609,1
6208,8453,0
356,5295,0
1457,5810,0
545,545,0
5170,5581,0
5300,7185,0
5159,6464,0
5594,5894,0
5530,5534,0
10783,6446,0
1387,4193,0
1026,79885,0
4193,7251,0
1852,5594,0
10524,472,0
4609,5693,0
10327,8574,0
1499,1616,0
1387,4609,0
4830,6418,0
472,5982,0
3551,6446,0
7343,7343,0
1026,9134,0
26574,5925,0
581,7416,0
1841,22978,0
1854,4830,0
3735,6194,0
7157,7251,0
10051,9641,0
801,8517,0
2064,5578,0
598,637,0
2274,8548,0
5295,5921,0
6885,9978,0
5300,5932,0
2932,4088,0
572,6622,0
1956,378,0
3055,5291,0
3551,7157,0
10007,3098,0
3980,7150,0
1017,25,0
4436,4436,0
5981,7150,0
3716,695,0
5747,5747,0
1459,7150,0
1019,3832,0
4193,5747,0
5295,5295,0
5586,5586,0
1974,1977,0
7185,7316,0
1827,5594,0
10110,2309,0
1803,7852,0
4087,818,0
1021,5058,0
4998,7251,0
2810,572,0
392,5879,0
8878,9817,0
213,472,0
1147,2175,0
3558,3725,0
5159,5770,0
1642,324,0
8915,8915,0
208,4296,0
3091,367,0
10018,140735,0
4998,81620,0
1642,1642,0
1147,8518,0
6203,7150,0
2965,4331,0
6790,7332,0
4088,55914,0
6500,6500,0
1457,3066,0
4792,4792,0
3014,6208,0
3479,3480,0
2737,4087,0
3055,5610,0
4691,6194,0
1869,983,0
2961,9412,0
5563,6885,0
5159,573,0
488,8717,0
1616,6774,0
1020,6241,0
4091,64750,0
1956,1956,0
26993,26993,0
8717,8772,0
5371,6790,0
387,8772,0
2932,4613,0
1022,5914,0
2033,6908,0
10988,5594,0
5516,898,0
1017,81620,0
3066,3091,0
1612,7249,0
2146,23411,0
4671,842,0
3551,5970,0
142,983,0
3297,3308,0
1052,1080,0
1022,4176,0
5159,5335,0
2956,4292,0
5686,5698,0
3066,3308,0
57761,5970,0
2353,7421,0
1786,2146,0
5709,5720,0
1978,9252,0
1950,2064,0
5894,5894,0
1459,6303,0
1211,1213,0
1869,2932,0
284058,4088,0
8850,9412,0
1387,8554,0
10135,2175,0
3606,837,0
1026,5598,0
4609,7852,0
6198,6714,0
10524,4193,0
7157,7316,0
4331,5925,0
2189,2189,0
5036,8517,0
23291,8945,0
207,2146,0
672,7332,0
688,7316,0
10451,2099,0
1869,4331,0
10987,3174,0
6303,6723,0
5156,5335,0
5111,5883,0
2065,5335,0
1676,578,0
5770,6774,0
2068,983,0
1021,5925,0
3611,9688,0
5588,5588,0
142,4691,0
1020,1454,0
10694,8428,0
2677,5624,0
4724,4729,0
1827,5530,0
3717,7852,0
6597,8850,0
4091,6885,0
5599,8202,0
4331,902,0
1017,7083,0
2068,2961,0
1213,5564,0
7157,8650,0
22938,4609,0
2175,3320,0
2475,25,0
1263,993,0
1457,23411,0
1457,2071,0
5578,5770,0
54205,9641,0
3458,7124,0
4214,5594,0
3329,4869,0
387,8795,0
5982,7150,0
5777,5777,0
5300,898,0
2182,2194,0
3560,3717,0
367,811,0
4704,4724,0
5981,641,0
7083,7249,0
7249,7316,0
3551,5518,0
7187,7188,0
7083,7088,0
1387,4089,0
3397,8517,0
3551,9817,0
8717,9131,0
5925,890,0
1022,4171,0
1616,1616,0
2353,57634,0
3014,5591,0
4771,5567,0
1459,7157,0
7150,890,0
3146,367,0
2321,545,0
3569,3569,0
1803,1803,0
208,2475,0
1017,23047,0
4193,4193,0
2959,8850,0
2033,5562,0
10397,1213,0
2353,6300,0
2099,2932,0
6418,7153,0
1021,1022,0
1545,6715,0
2073,604,0
5058,5894,0
4791,5709,0
902,9112,0
4171,4175,0
7187,7187,0
2175,641,0
23043,51727,0
1956,8650,0
142,5111,0
151636,7323,0
1958,5979,0
10987,2081,0
4773,5532,0
3608,5591,0
11065,11065,0
2100,5600,0
7291,7291,0
3608,8493,0
1827,5602,0
5347,8517,0
6714,983,0
1019,7157,0
3608,6188,0
1633,6258,0
1111,4089,0
2146,3066,0
1019,3320,0
2033,3214,0
7157,902,0
355,4217,0
2194,2194,0
4609,7316,0
1457,672,0
6788,7185,0
5600,8841,0
3066,83933,0
8517,8878,0
10987,4089,0
23291,9978,0
2175,983,0
10856,1736,0
1978,472,0
3717,5524,0
5111,6188,0
142,51588,0
3055,695,0
5594,9759,0
367,9759,0
23043,6240,0
1676,1677,0
5111,5982,0
6502,7249,0
3725,3725,0
1019,5770,0
208,5577,0
5981,5982,0
329,958,0
4804,9618,0
3148,5451,0
5970,6208,0
2099,4214,0
5747,9564,0
8453,9616,0
2965,2965,0
6643,6643,0
10933,57634,0
1027,6714,0
1453,7157,0
4882,4882,0
5594,5770,0
11073,5371,0
9261,9261,0
367,4790,0
230,7915,0
3559,6772,0
3978,6119,0
5159,5610,0
5296,5728,0
3065,3091,0
2189,983,0
2068,8878,0
634,6714,0
6015,7027,0
3091,4193,0
1387,2099,0
2099,8202,0
1026,51053,0
369,673,0
1981,5564,0
6303,6591,0
1027,1459,0
4804,7083,0
572,581,0
5465,5580,0
4609,8878,0
3735,7965,0
1457,6772,0
5058,5594,0
4193,5925,0
1026,5595,0
3821,5777,0
1633,1633,0
1017,595,0
1147,4792,0
25,5925,0
207,208,0
595,801,0
10048,4088,0
1642,6208,0
842,983,0
5682,5686,0
6446,958,0
2033,4193,0
5588,695,0
3091,7428,0
4914,8878,0
5156,6464,0
5747,8737,0
3725,5371,0
330,56616,0
3329,7416,0
5347,7013,0
6240,9641,0
2266,3690,0
10111,25913,0
2100,801,0
5295,5599,0
27113,596,0
1387,6774,0
5437,5437,0
6714,6774,0
7323,9604,0
51755,57819,0
2197,6203,0
1616,545,0
3065,5906,0
472,5932,0
4176,7316,0
3098,4149,0
1213,4294,0
5578,7153,0
8717,8795,0
5295,958,0
5063,5894,0
51720,9318,0
2965,6908,0
317,836,0
4217,5534,0
23291,3551,0
207,4486,0
3055,9564,0
10915,2175,0
2058,3551,0
3066,9219,0
2932,8517,0
6194,7150,0
1111,7520,0
331,7323,0
4193,9459,0
4089,51588,0
4609,5604,0
5686,5716,0
1111,331,0
4790,5437,0
4830,9533,0
4214,673,0
6194,6223,0
1026,5600,0
10093,10094,0
6240,6240,0
308,6827,0
4780,5590,0
3608,5610,0
1212,1459,0
7157,8850,0
25,598,0
3055,5329,0
3065,4297,0
3065,54815,0
1499,55914,0
2870,6622,0
3066,54815,0
4719,4724,0
5624,7083,0
488,7132,0
3558,3560,0
23043,801,0
7311,7323,0
8453,9978,0
10451,2065,0
4790,9641,0
10111,4683,0
2260,3717,0
6446,673,0
10094,10109,0
4791,5591,0
4294,634,0
1499,5295,0
7157,7311,0
2735,2735,0
701,9184,0
2870,7852,0
26271,6500,0
1020,894,0
1869,6502,0
1026,7150,0
23411,3297,0
4149,4149,0
213,7083,0
6714,999,0
4780,836,0
4176,5925,0
5437,958,0
7124,7132,0
4171,6118,0
10111,9656,0
3815,5981,0
836,8505,0
1642,4174,0
5594,7157,0
5300,7249,0
2965,6597,0
57144,637,0
6117,7486,0
3308,573,0
2033,5604,0
7316,8550,0
4233,5588,0
1147,207,0
5335,6464,0
5594,891,0
28996,3065,0
3119,3630,0
23291,4792,0
1643,7157,0
51720,983,0
2547,5599,0
1459,1856,0
5366,598,0
6194,6208,0
1027,4176,0
801,8536,0
5981,6117,0
9126,9219,0
5581,6196,0
6418,6908,0
5588,5894,0
11004,983,0
51741,6714,0
5325,5371,0
142,2099,0
9261,995,0
4149,6872,0
5906,7249,0
5610,983,0
5430,5595,0
5684,8517,0
641,672,0
1643,9318,0
22944,6117,0
1459,2353,0
488,488,0
5879,9181,0
2064,5921,0
6774,9939,0
4171,4174,0
207,5728,0
5518,5906,0
6464,780,0
328,5810,0
2932,898,0
5696,5698,0
10987,6464,0
3725,5602,0
6714,8517,0
5111,7486,0
7248,7316,0
3320,4691,0
4292,672,0
1457,7150,0
1616,6934,0
6772,8554,0
5716,5925,0
2068,5437,0
142,5981,0
7185,841,0
4734,840,0
382,8565,0
10285,1659,0
472,6794,0
1432,836,0
1022,4331,0
3551,5591,0
2274,672,0
2768,695,0
7311,7311,0
10392,837,0
6597,672,0
10524,891,0
5595,6772,0
1027,10987,0
1387,7157,0
5295,7316,0
7316,8837,0
1950,9261,0
3815,975,0
2072,5111,0
238,3717,0
1499,4233,0
6119,7428,0
4303,5300,0
3066,8535,0
1869,23411,0
5879,6418,0
5591,8493,0
2033,4217,0
637,841,0
208,2932,0
10285,10915,0
672,6774,0
2237,328,0
3651,5087,0
3560,5777,0
3980,5591,0
5295,672,0
2071,7508,0
367,8202,0
331,837,0
991,991,0
1786,7251,0
1025,4088,0
1213,9641,0
9656,9656,0
6908,6908,0
1025,5663,0
5335,5567,0
3091,328,0
10987,5602,0
10018,599,0
2309,356,0
5879,7124,0
2475,6203,0
207,672,0
324,598,0
5747,7249,0
3551,4792,0
1956,7316,0
2033,7291,0
4869,7153,0
207,4193,0
5564,7332,0
2058,3735,0
5430,983,0
1019,5058,0
1017,837,0
23636,284058,0
5111,8453,0
4609,7311,0
11073,2956,0
2099,983,0
1263,7157,0
7181,9759,0
5595,6774,0
367,5052,0
23405,3313,0
1869,890,0
8243,9656,0
1385,28996,0
2274,64750,0
1856,5562,0
2353,2961,0
8574,8574,0
3558,3559,0
1147,4088,0
324,7128,0
4087,9459,0
4998,7520,0
2033,2274,0
1147,5591,0
4780,7316,0
890,983,0
641,983,0
1457,1936,0
1956,7311,0
11200,4436,0
5716,5720,0
3066,688,0
29116,29116,0
3651,5591,0
51719,7428,0
8945,8945,0
10988,213,0
356,4297,0
11073,6117,0
1387,2071,0
1457,5048,0
4869,545,0
4780,5580,0
10621,6908,0
6721,8554,0
664,664,0
5600,8550,0
7016,7016,0
2353,4790,0
7157,7345,0
4214,8772,0
634,6464,0
1147,6500,0
5465,5594,0
3313,5709,0
2071,4609,0
4233,5580,0
1892,23043,0
5914,5914,0
1642,6194,0
64127,837,0
6199,8517,0
1020,1453,0
5422,5925,0
4790,4790,0
10973,5970,0
4089,8878,0
7013,983,0
1027,6196,0
1387,2353,0
5595,7249,0
4174,6208,0
25913,7013,0
64750,7311,0
2033,9252,0
83933,8841,0
2353,539,0
3560,6774,0
1642,3611,0
3320,8767,0
5580,5770,0
1111,7158,0
2058,6885,0
5594,673,0
5289,8678,0
3815,5777,0
3320,5562,0
4149,7003,0
208,7465,0
10001,2099,0
1445,3055,0
392,5295,0
5422,5982,0
1026,7185,0
191,191,0
3480,6464,0
4998,890,0
2932,2932,0
5728,6794,0
10392,8767,0
1642,2072,0
5688,5696,0
3480,5580,0
1647,891,0
5159,5747,0
4214,5599,0
7334,8915,0
4893,4893,0
4683,672,0
1786,3146,0
5594,604,0
25,7013,0
1445,5925,0
699,9184,0
5290,8878,0
841,8743,0
5578,8525,0
3066,5970,0
1869,8202,0
506,7083,0
2547,694,0
331,840,0
7465,983,0
3717,5159,0
332,332,0
3551,7132,0
7153,983,0
4704,4719,0
4214,5058,0
6502,999,0
5058,5879,0
2146,5252,0
3066,9184,0
5451,5970,0
3717,5770,0
5170,6446,0
10972,5663,0
5747,5970,0
2033,4255,0
5325,7157,0
26993,7316,0
1029,6790,0
5058,5170,0
5335,7421,0
4734,6446,0
3376,6885,0
4792,7316,0
7132,8772,0
25865,5578,0
23236,8525,0
3560,5295,0
1871,890,0
5291,5728,0
7316,8878,0
10533,64422,0
3329,5518,0
2806,4190,0
328,5883,0
5879,6421,0
3559,4790,0
10856,29110,0
1026,6774,0
1616,1786,0
2033,5563,0
25,545,0
7965,7965,0
3148,328,0
2932,5970,0
1017,3978,0
1647,5465,0
3978,5111,0
1019,7150,0
8517,8772,0
2064,6464,0
1459,3320,0
9133,983,0
2047,2047,0
2033,5371,0
10533,9140,0
3329,836,0
367,5925,0
3376,4791,0
4088,7750,0
1387,5371,0
3320,999,0
367,5728,0
1436,1436,0
10298,5879,0
387,5590,0
5567,5663,0
3551,8239,0
2099,5058,0
1026,207,0
5682,5688,0
4486,6714,0
1407,5594,0
5530,836,0
6772,80230,0
10397,2547,0
5422,890,0
2081,7311,0
367,801,0
1457,5305,0
213,213,0
6418,9641,0
7185,8837,0
2033,3665,0
5591,8894,0
1029,4193,0
355,355,0
4292,836,0
4691,6203,0
330,7316,0
3329,578,0
4869,7088,0
4089,966,0
1977,6194,0
3308,5970,0
4734,7323,0
329,7185,0
1454,1454,0
3093,6015,0
7187,8784,0
4089,65264,0
5588,5590,0
1385,8554,0
5159,6774,0
10111,2956,0
5162,9641,0
4088,4221,0
2068,5888,0
5578,5879,0
4719,4729,0
6241,7251,0
3383,4773,0
2959,6872,0
4233,6714,0
4087,5371,0
1457,64170,0
1387,5588,0
3725,5682,0
6118,891,0
1499,5347,0
4790,7158,0
4791,7187,0
2099,6774,0
1385,672,0
5599,8795,0
10617,7316,0
11200,4193,0
4791,7311,0
5599,6774,0
1017,1457,0
5888,6117,0
1019,9126,0
207,7316,0
1612,1612,0
5591,6118,0
6790,7334,0
350,350,0
2081,581,0
837,841,0
5602,9261,0
207,8841,0
2309,7157,0
5295,6464,0
10857,9641,0
367,7181,0
1080,5590,0
3329,5921,0
1956,488,0
23658,57819,0
3735,8554,0
11200,9656,0
1977,8550,0
329,840,0
355,695,0
4087,7311,0
598,7416,0
1856,5879,0
5883,598,0
10038,9184,0
11113,388,0
5894,5921,0
5925,5932,0
1387,367,0
317,3308,0
672,8243,0
5682,5696,0
54205,5564,0
5588,7153,0
5590,5590,0
23411,6188,0
8517,9641,0
2961,688,0
472,7520,0
5979,5979,0
1025,6502,0
8239,8517,0
5879,5879,0
51727,5564,0
4088,8548,0
8900,993,0
10694,29110,0
6199,695,0
1454,1856,0
367,4089,0
1432,4149,0
5335,5586,0
1432,6772,0
11073,472,0
1857,5291,0
4915,5335,0
10524,2033,0
7416,8767,0
10921,1459,0
5595,5595,0
4089,4091,0
1457,5728,0
2735,3066,0
1432,2260,0
28996,6885,0
1147,4791,0
1457,4149,0
6595,672,0
2247,2261,0
5649,5649,0
4088,7157,0
5335,6714,0
2959,688,0
5052,983,0
5979,6464,0
3014,801,0
6908,7003,0
1387,6258,0
2353,5451,0
3428,367,0
2237,983,0
10392,10392,0
2033,23411,0
5170,6198,0
2099,9604,0
9641,9641,0
5879,840,0
23405,6194,0
4214,8239,0
604,9219,0
5594,6464,0
2175,55120,0
7188,958,0
1869,2274,0
7416,837,0
28996,4087,0
2033,6772,0
4771,7248,0
1019,1027,0
23291,5970,0
2033,22938,0
25,4998,0
3978,7150,0
1029,4691,0
3320,3329,0
6576,837,0
4436,7083,0
4683,641,0
57804,7150,0
6118,6774,0
3066,7153,0
330,7132,0
23291,4193,0
1147,1387,0
1026,5111,0
5906,6924,0
1978,8445,0
1027,7248,0
596,6647,0
5600,891,0
7157,7319,0
2064,2241,0
4171,4171,0
5335,5979,0
10856,2058,0
3725,6872,0
1956,5588,0
3376,5859,0
2547,7520,0
1027,1457,0
2175,672,0
1616,2175,0
4176,7428,0
2353,5925,0
1613,5590,0
2064,3320,0
5422,7157,0
891,993,0
675,701,0
22938,4297,0
7181,8841,0
1977,1977,0
1021,3725,0
5578,624,0
4089,4089,0
5422,7150,0
5591,7132,0
1025,4683,0
472,5981,0
10856,5018,0
3091,8453,0
5591,5932,0
10987,2353,0
2064,6774,0
57448,9212,0
4609,5970,0
5598,5598,0
7185,8784,0
6303,6303,0
4088,4149,0
10524,80314,0
2260,999,0
1956,6714,0
369,5295,0
3313,7185,0
1956,1958,0
5600,9261,0
5970,695,0
4217,5610,0
2932,7088,0
1459,5684,0
3320,5170,0
4087,5058,0
3308,983,0
1956,3480,0
4929,4976,0
5686,5709,0
4217,5170,0
10001,8535,0
1020,3725,0
2547,6934,0
5688,5688,0
1459,1958,0
5562,7249,0
4791,6500,0
2321,7525,0
3066,6883,0
1385,1457,0
2065,5295,0
10987,9318,0
1457,1958,0
5595,6196,0
1385,7528,0
1021,1027,0
5663,6934,0
4683,545,0
5534,596,0
10694,4609,0
1856,9531,0
1432,993,0
10276,387,0
2033,5111,0
10524,10856,0
3725,5532,0
596,596,0
1642,8554,0
2065,6464,0
218,3029,0
1147,1213,0
5709,5716,0
3091,5595,0
4175,5682,0
5451,7124,0
5581,5770,0
572,599,0
4605,6502,0
5921,6790,0
1019,4087,0
1540,8517,0
1052,5925,0
1869,81620,0
382,6648,0
22938,4088,0
3091,3725,0
25,6464,0
3791,7525,0
10915,5430,0
1017,902,0
10379,5451,0
2932,5594,0
1017,5663,0
207,5879,0
2058,6194,0
1027,7525,0
4734,7316,0
2175,5335,0
5580,7153,0
7157,9112,0
2810,4303,0
2810,7249,0
11284,9688,0
1459,7088,0
2071,7082,0
1854,4832,0
6788,6788,0
9961,9961,0
1387,28996,0
2033,6418,0
10987,3725,0
4088,9459,0
5624,5624,0
3611,841,0
3651,6514,0
3725,811,0
2353,9252,0
5058,9181,0
10048,3725,0
185,5894,0
6464,7175,0
11200,5591,0
2033,2627,0
4915,4915,0
7185,8737,0
1026,898,0
4255,5578,0
330,7187,0
3608,4691,0
1445,7988,0
5682,5716,0
10857,9474,0
1956,7082,0
29110,8517,0
29110,29110,0
11200,5347,0
5578,5970,0
3688,5578,0
2072,4174,0
23291,994,0
1457,9252,0
5594,9700,0
2289,3320,0
3717,8517,0
4436,5982,0
8428,8428,0
1647,2099,0
5451,7528,0
2237,890,0
2071,6595,0
140735,331,0
1432,1936,0
1978,5595,0
5058,5058,0
1432,5606,0
1936,9641,0
1856,6714,0
1020,7157,0
581,7316,0
836,837,0
1213,4790,0
2,7083,0
10110,1385,0
6872,9219,0
1111,26574,0
5686,5720,0
207,5590,0
9794,9794,0
672,6790,0
3364,5810,0
5591,6117,0
5590,7153,0
11213,4615,0
1457,328,0
1495,7082,0
142,891,0
1616,64170,0
3559,5580,0
1019,8243,0
2197,6188,0
4616,891,0
10856,5564,0
208,7249,0
2810,4194,0
5981,891,0
5684,5684,0
7311,7486,0
5580,6199,0
7128,8737,0
3297,5599,0
6885,8737,0
1080,9156,0
5590,5594,0
367,573,0
2956,837,0
1147,1147,0
27,6714,0
3815,695,0
4089,8767,0
6772,818,0
207,4771,0
28996,4088,0
25,675,0
1387,1459,0
80230,80230,0
4792,5970,0
4233,6643,0
4734,5430,0
10001,9412,0
2033,6721,0
4292,5111,0
1432,1852,0
6772,6774,0
6188,7311,0
10856,6194,0
5921,836,0
10694,5516,0
367,7157,0
332,6790,0
4087,6597,0
23043,6418,0
5532,695,0
2189,55120,0
340273,5698,0
27,3055,0
1432,8550,0
207,2810,0
2956,545,0
1147,7082,0
1385,3630,0
6723,9641,0
2308,53944,0
5663,5663,0
7088,7428,0
2959,3297,0
5300,596,0
5347,995,0
2237,2932,0
1977,1981,0
3717,7132,0
5598,5894,0
6502,890,0
9212,983,0
4217,5563,0
6924,9978,0
3065,7088,0
3055,7316,0
1869,5600,0
1612,9252,0
4613,6790,0
367,6595,0
332,9212,0
1633,4830,0
10856,6500,0
5581,7153,0
387,5578,0
4615,695,0
5591,8517,0
1457,5524,0
4792,5610,0
7703,8535,0
1147,841,0
2959,2965,0
3055,7251,0
3428,7157,0
5567,8428,0
5595,8878,0
6418,7428,0
54205,6622,0
2475,5906,0
3726,7316,0
5578,6464,0
1457,8841,0
25,9564,0
11073,4292,0
2099,6595,0
3313,5970,0
4719,4728,0
4485,4486,0
207,3337,0
1659,51755,0
207,5894,0
207,5588,0
1936,2058,0
573,5894,0
6885,7311,0
207,2309,0
2146,7083,0
5335,7316,0
11340,54512,0
2033,7157,0
2033,5465,0
1022,1869,0
1977,6198,0
1211,4087,0
4691,5036,0
1956,5335,0
1025,1457,0
2321,6774,0
3320,4214,0
1499,5777,0
1540,9641,0
332,983,0
5604,5606,0
7132,7185,0
23464,4594,0
672,7528,0
4217,5606,0
1499,6714,0
5684,5720,0
1612,8772,0
604,9759,0
3716,7852,0
3091,5688,0
10645,23604,0
4869,7157,0
10253,5894,0
1643,9978,0
5320,5320,0
4193,4869,0
5682,5720,0
5578,5578,0
4671,56616,0
1080,5518,0
5347,7159,0
6117,7083,0
4174,4176,0
3014,5859,0
6647,6647,0
2071,4087,0
4869,5347,0
5335,780,0
10856,5394,0
2547,5170,0
6595,9219,0
324,506,0
4087,5594,0
2353,5599,0
23463,387,0
330,8915,0
6208,6223,0
57761,7316,0
2353,5371,0
7319,7750,0
324,56998,0
10379,6772,0
5859,9618,0
2956,7157,0
329,841,0
2099,3066,0
3320,367,0
23043,873,0
1642,64326,0
472,8243,0
25842,7157,0
4998,7311,0
4791,8945,0
1956,5770,0
1948,1948,0
4436,8243,0
5347,5688,0
27,4294,0
10201,1854,0
1459,9126,0
2146,5914,0
1017,5422,0
11004,11004,0
3265,993,0
10915,9939,0
1612,7157,0
6794,7157,0
4616,5111,0
4088,7027,0
898,983,0
1432,1844,0
84433,8915,0
56998,837,0
3725,7421,0
3091,8841,0
2065,6714,0
2188,4292,0
3934,4313,0
1027,894,0
317,54205,0
2308,23411,0
207,5979,0
23236,5335,0
1499,3065,0
4176,81620,0
2806,56998,0
5290,5295,0
1841,7084,0
26574,5970,0
4436,5888,0
545,641,0
10097,10109,0
8743,8795,0
6772,7248,0
10987,7316,0
4221,6118,0
23405,5018,0
4792,7311,0
10451,6714,0
25898,7157,0
2810,5599,0
4089,4194,0
4297,6418,0
7187,836,0
983,993,0
23636,324,0
5036,5564,0
1017,5594,0
6908,8202,0
2289,4214,0
331,332,0
23291,23291,0
2932,5728,0
1956,506,0
6119,891,0
57448,836,0
1459,3978,0
5598,596,0
5590,836,0
1111,208,0
10001,4087,0
2081,7316,0
3065,3297,0
4088,672,0
387,5567,0
1459,6934,0
4792,6714,0
2353,3725,0
1616,4194,0
2175,5111,0
3320,5859,0
840,840,0
1950,2065,0
4170,983,0
5423,7088,0
4609,6500,0
3297,5591,0
5347,5684,0
1432,596,0
1436,6714,0
1499,999,0
5578,8837,0
5879,6774,0
28996,28996,0
5063,9459,0
142,3978,0
367,595,0
350,5930,0
2956,5590,0
196,5970,0
5052,6647,0
2959,2959,0
2735,596,0
207,572,0
1936,5578,0
2058,6203,0
5590,6794,0
3066,9641,0
1445,5921,0
3717,5894,0
2475,5562,0
3146,7157,0
3014,4683,0
9112,9219,0
3480,3480,0
2247,2260,0
1459,328,0
5300,995,0
1642,9978,0
4609,5052,0
6721,7750,0
4233,5770,0
573,596,0
4087,5595,0
6672,8445,0
5516,8428,0
1616,4193,0
5684,5698,0
5578,6714,0
3320,5465,0
5594,6774,0
5422,6117,0
57761,604,0
5289,801,0
328,5111,0
7132,841,0
3725,5530,0
1958,6721,0
2175,6118,0
208,4193,0
1856,51720,0
1022,10783,0
7316,7486,0
10664,142,0
1499,5792,0
3297,6772,0
1017,207,0
5036,5578,0
1147,595,0
5422,5422,0
2099,3480,0
2247,5578,0
4771,7316,0
5581,6714,0
2746,4214,0
4609,57634,0
3480,5295,0
3065,3065,0
3559,6774,0
7150,7153,0
5300,7465,0
8767,958,0
4087,7150,0
2810,581,0
10915,51588,0
25,25,0
2033,4792,0
2308,367,0
5921,7248,0
332,842,0
355,8837,0
672,9656,0
356,695,0
2547,54386,0
10285,9261,0
4193,8554,0
10413,4091,0
2099,5452,0
2099,5602,0
7416,9868,0
4088,6885,0
207,79109,0
5970,8202,0
10111,7088,0
4691,5430,0
1022,983,0
1977,5578,0
51719,8453,0
1432,3735,0
4790,6885,0
3313,4792,0
1431,4191,0
5590,695,0
4174,8453,0
317,598,0
2099,5451,0
5291,5291,0
1026,891,0
5979,8517,0
2959,6908,0
1025,5058,0
5300,5430,0
2175,2175,0
840,8428,0
4217,7188,0
7316,8737,0
3725,7168,0
6198,6198,0
55120,6119,0
23636,2961,0
4683,5982,0
5295,5777,0
51330,5879,0
5347,5693,0
4171,4998,0
1457,5883,0
27244,5052,0
10987,5430,0
9252,9252,0
5979,6774,0
5111,9133,0
1385,816,0
2033,604,0
665,665,0
5581,7416,0
5682,5709,0
839,839,0
142,7520,0
5684,57761,0
4436,9156,0
1508,8877,0
3608,84844,0
1956,27,0
7013,7013,0
22938,5925,0
2308,2932,0
1936,5564,0
10285,51755,0
51079,6774,0
3054,4221,0
3725,7124,0
596,6300,0
3565,4773,0
5747,6774,0
4609,4758,0
3146,5591,0
51720,5888,0
5696,5696,0
1387,8202,0
10058,7251,0
1017,54386,0
3146,5578,0
355,5599,0
1019,5663,0
6418,7343,0
3717,5058,0
6597,6908,0
2959,2961,0
1147,9641,0
5465,5465,0
6118,7374,0
539,7428,0
10524,6774,0
185,3717,0
54205,7428,0
4683,5932,0
6502,9978,0
328,7157,0
331,331,0
1017,890,0
2099,5295,0
2197,6194,0
1385,1432,0
5887,7311,0
4771,5058,0
56616,57448,0
10285,3329,0
2581,2717,0
1111,1457,0
51741,7157,0
10379,10379,0
578,637,0
2932,6595,0
5451,5914,0
5296,6421,0
3716,5894,0
6714,6772,0
1647,4616,0
2099,5598,0
1457,2353,0
3066,7157,0
2768,2768,0
3054,5451,0
2735,5563,0
10397,999,0
5243,5567,0
596,8678,0
4616,5465,0
6240,6241,0
3265,5295,0
6872,6883,0
4609,6883,0
5347,701,0
2065,2260,0
238,3651,0
2309,5594,0
56616,56616,0
83737,8837,0
7157,7486,0
25,983,0
6721,6721,0
2033,7528,0
4734,995,0
1022,6714,0
7088,983,0
55914,64127,0
2932,3297,0
1017,8900,0
1263,1263,0
5366,596,0
4704,4729,0
2064,6772,0
699,991,0
2194,4214,0
329,56616,0
2068,2959,0
10392,3320,0
3558,8061,0
6194,8453,0
801,8767,0
1432,5600,0
3551,8837,0
4616,5609,0
2959,6595,0
4869,5610,0
5914,8202,0
6647,7316,0
191,875,0
1869,8850,0
3551,4615,0
324,5567,0
10915,51755,0
5580,6194,0
3735,8453,0
2274,5594,0
2735,2737,0
657,657,0
4233,8243,0
10018,7416,0
5591,5591,0
1459,5770,0
6119,7150,0
5437,5970,0
2033,2309,0
1080,5562,0
2099,3308,0
3725,5925,0
355,8717,0
4087,675,0
5591,5970,0
663,663,0
3553,4313,0
23236,5581,0
2247,2263,0
387,5599,0
5567,5906,0
5598,6446,0
1026,5859,0
10769,5347,0
6300,8550,0
5451,5591,0
7128,7185,0
4998,6502,0
4791,5518,0
1021,5770,0
330,5170,0
2072,3014,0
6188,84844,0
3066,902,0
6500,9641,0
382,7323,0
350,4780,0
5518,8717,0
836,9564,0
2099,3320,0
3265,5590,0
5371,7750,0
5111,5423,0
1457,5045,0
4174,4998,0
840,9641,0
1956,367,0
3146,3148,0
5111,6117,0
3565,3662,0
3480,4193,0
3329,581,0
3297,3320,0
4915,8878,0
3308,7088,0
3014,8493,0
3791,5921,0
3265,5921,0
5599,8772,0
1020,1026,0
5728,7316,0
142,3308,0
2956,5111,0
55832,8453,0
23411,3329,0
1499,3791,0
1869,7158,0
51181,51181,0
5970,801,0
1459,902,0
5530,5530,0
2932,5595,0
5594,5604,0
5347,57448,0
6500,8453,0
6672,8554,0
1457,4171,0
1459,5305,0
5810,6118,0
4616,983,0
4486,4486,0
6118,641,0
10783,331,0
29110,3665,0
595,5981,0
1111,2547,0
7334,7335,0
6885,9759,0
596,664,0
2100,7316,0
23512,7040,0
3308,4790,0
816,817,0
6934,7520,0
2932,6251,0
23581,837,0
2099,4255,0
23291,55031,0
701,983,0
1020,2065,0
2260,2260,0
54386,54386,0
1457,902,0
5594,7249,0
5925,7421,0
5595,5606,0
5580,5894,0
2081,4217,0
7332,7428,0
1017,2308,0
10018,10018,0
10783,7465,0
3329,842,0
6790,8945,0
5580,6774,0
6208,9641,0
1459,5970,0
5728,5747,0
1432,8396,0
3065,7316,0
1857,51274,0
10973,3725,0
7158,8243,0
5982,6117,0
2547,7486,0
2099,5914,0
2099,6597,0
7335,9604,0
3480,3688,0
5567,572,0
3717,6772,0
317,3320,0
2189,6119,0
5599,6622,0
7153,8493,0
5111,7150,0
3717,6775,0
3608,7153,0
2353,8061,0
3559,3559,0
3725,8202,0
1457,9656,0
5156,6772,0
6198,9978,0
1457,7124,0
10007,3099,0
3329,5018,0
4170,8678,0
6502,6502,0
10856,6885,0
64170,9958,0
1540,817,0
5516,8900,0
3065,7157,0
2810,7465,0
355,7525,0
5970,9252,0
4790,7175,0
1025,5770,0
6908,9219,0
5925,7027,0
10987,4296,0
5594,9181,0
25865,25865,0
4790,672,0
7316,83737,0
3014,672,0
51079,7251,0
5883,6118,0
367,5451,0
2099,8554,0
5698,8202,0
598,8678,0
6883,8148,0
1869,8900,0
11200,5925,0
1387,6775,0
1453,4193,0
3611,6251,0
2475,6199,0
4804,7187,0
4728,4729,0
23291,7465,0
4609,79109,0
8061,8061,0
8396,8396,0
6597,7157,0
3611,3688,0
5018,5709,0
1022,6241,0
3029,7915,0
4869,5970,0
3428,672,0
10783,8243,0
4088,6721,0
10987,5580,0
1459,7153,0
10645,8536,0
5300,891,0
5914,9318,0
6908,8148,0
5684,5716,0
5518,983,0
10524,4790,0
10921,51755,0
545,8243,0
6198,7316,0
2309,6446,0
6502,898,0
4436,5111,0
185,5594,0
51588,7158,0
5599,841,0
1956,999,0
8517,8517,0
581,637,0
2932,4193,0
4149,9181,0
1499,3551,0
1457,7088,0
5590,841,0
2289,9641,0
4170,4170,0
2241,999,0
7185,8717,0
5371,8805,0
5518,9641,0
4149,4436,0
5914,8850,0
11200,25842,0
1956,3383,0
1027,5595,0
1025,6241,0
4089,8554,0
5747,7132,0
4303,5599,0
7334,9641,0
51588,7157,0
5600,7157,0
5036,5925,0
6194,6199,0
780,780,0
10018,5595,0
25,5883,0
330,7185,0
6240,9474,0
1432,5581,0
207,207,0
2064,2065,0
29110,3313,0
5243,5578,0
1017,596,0
3065,4087,0
1029,3320,0
3608,4791,0
10664,6418,0
11113,3725,0
51330,7187,0
3320,6647,0
1019,7525,0
6774,9252,0
3551,6885,0
1387,4087,0
1844,5594,0
5437,672,0
3091,5594,0
1025,4605,0
10524,1869,0
3329,84844,0
3329,999,0
23368,4294,0
4170,637,0
3320,6464,0
324,7175,0
2932,4791,0
7158,9656,0
7291,8850,0
4609,8604,0
2263,2263,0
1457,5684,0
4233,5335,0
1499,2260,0
5170,84433,0
5063,5347,0
11073,11073,0
5599,5979,0
356,841,0
4869,6223,0
3055,7703,0
2081,5663,0
329,7124,0
1499,4088,0
3551,7128,0
2353,6872,0
2932,5747,0
10285,9939,0
4790,8837,0
57819,9939,0
1457,6934,0
7132,801,0
3364,5883,0
8737,8737,0
317,841,0
2932,9252,0
1459,7124,0
5295,9564,0
54386,7520,0
10051,3611,0
4804,5595,0
1080,488,0
3480,5296,0
472,7158,0
3029,7001,0
3320,6794,0
1387,5602,0
10987,4087,0
5581,6774,0
5052,5052,0
10856,1499,0
387893,387893,0
2033,8850,0
142,142,0
2,7001,0
25,3055,0
6924,7428,0
5111,7316,0
55120,6118,0
2321,5335,0
5300,875,0
6188,7185,0
142,8850,0
3717,4792,0
1147,208,0
208,2309,0
2247,2247,0
367,5883,0
4193,4691,0
2071,6597,0
10987,9097,0
7486,7486,0
10001,2100,0
598,665,0
10253,7376,0
4609,5894,0
3313,7132,0
5747,7157,0
1017,5111,0
4174,6194,0
1017,5982,0
4294,7750,0
578,598,0
2175,545,0
5465,6300,0
699,983,0
5428,5428,0
4088,6500,0
2099,4331,0
5581,7082,0
3725,604,0
10110,673,0
1017,5595,0
324,9126,0
324,9868,0
2959,672,0
5869,983,0
5684,5709,0
4869,5588,0
1213,4791,0
2322,2322,0
1263,995,0
817,817,0
6303,7088,0
2355,672,0
1020,1499,0
5170,5979,0
1981,308,0
23047,9126,0
2768,5580,0
1147,1499,0
2067,2072,0
5925,6908,0
6117,7157,0
2956,8243,0
7187,8737,0
3364,3978,0
1827,5598,0
5747,7525,0
2064,5295,0
1613,26574,0
1080,1211,0
6188,7132,0
1974,3320,0
5292,6774,0
4780,5588,0
6196,7249,0
2073,5111,0
4801,6721,0
2308,4089,0
151636,7321,0
5699,5715,0
4691,7150,0
7132,7132,0
2033,672,0
5684,5688,0
2033,8202,0
5970,9641,0
3559,5970,0
1616,7157,0
817,8850,0
10921,25888,0
1605,6714,0
207,8915,0
10285,57819,0
4801,6908,0
392,6714,0
3014,4804,0
581,6622,0
3576,3576,0
142,811,0
3329,5894,0
10933,5925,0
329,7132,0
4719,836,0
3586,3586,0
5594,5609,0
3665,3665,0
3551,3551,0
3065,5981,0
7185,839,0
2175,506,0
328,3364,0
2768,999,0
1147,23291,0
1892,9474,0
4804,7248,0
2932,993,0
2033,2237,0
3476,5516,0
3297,5594,0
3559,6775,0
355,7132,0
4176,4609,0
3265,3265,0
5430,5437,0
2099,5728,0
3608,6208,0
4792,8841,0
7132,8915,0
4088,8945,0
3055,5296,0
10933,816,0
9429,9429,0
1459,3297,0
3383,7316,0
238,6421,0
1027,208,0
1017,4331,0
7311,841,0
330,836,0
3065,367,0
1827,5532,0
3066,4869,0
10001,142,0
5335,5578,0
10482,10921,0
2072,6208,0
25,842,0
5170,5604,0
1026,1613,0
5682,9474,0
1080,999,0
4791,5437,0
328,5423,0
10048,4087,0
3065,4193,0
672,675,0
207,6788,0
1633,978,0
2956,4683,0
57144,6119,0
10482,23636,0
142,6118,0
4801,9759,0
6513,7132,0
207,3170,0
4088,9978,0
388,4835,0
6595,7421,0
3148,7157,0
218,218,0
3065,4609,0
6595,9412,0
6648,6648,0
1613,7316,0
6714,966,0
2175,6714,0
4683,5981,0
1027,6446,0
1432,3297,0
4175,6117,0
2071,5437,0
11284,8604,0
330,8717,0
2099,6300,0
4869,6464,0
238,5335,0
1080,5567,0
5347,9700,0
329,8517,0
5594,695,0
6119,672,0
2965,4171,0
2810,369,0
5693,5696,0
1453,6622,0
324,6721,0
5291,5296,0
1387,4088,0
1387,3551,0
10915,3726,0
3717,672,0
5291,5720,0
2355,3726,0
1111,2956,0
330,8772,0
5045,5045,0
3717,3717,0
5925,5981,0
29978,5682,0
10664,3146,0
1147,5588,0
10533,23411,0
10783,9126,0
5590,5595,0
1956,818,0
6188,6194,0
2099,5925,0
10253,6714,0
2099,6714,0
25,3980,0
3320,7132,0
1499,25,0
64750,64750,0
1454,5562,0
1499,7088,0
1642,3735,0
891,9133,0
1956,7168,0
1020,5058,0
25898,7311,0
3065,3308,0
7083,7298,0
2189,2553,0
5567,6790,0
5170,5590,0
3611,842,0
1020,4609,0
4170,572,0
4835,4835,0
1616,8841,0
1499,4303,0
10397,6188,0
5580,5595,0
4089,4149,0
4087,55914,0
22938,7185,0
2810,902,0
5567,5894,0
8737,8797,0
2806,3939,0
4869,9533,0
6500,8517,0
7157,83737,0
271,271,0
1827,5894,0
2175,6597,0
5682,9641,0
6188,6223,0
7124,8737,0
1445,1605,0
578,599,0
3300,7311,0
3320,5894,0
3481,3486,0
1854,983,0
1017,7319,0
10694,4214,0
10327,54512,0
5887,7508,0
4830,51727,0
5058,6790,0
1019,6241,0
367,4088,0
1499,5770,0
10856,6502,0
207,472,0
10921,8396,0
4485,4485,0
5906,5906,0
2064,6714,0
6119,6119,0
2064,5747,0
6194,8883,0
207,5335,0
1457,1457,0
2309,5595,0
3065,604,0
4893,5290,0
3320,5594,0
8517,8767,0
10421,1659,0
4790,5452,0
8797,8797,0
5590,8878,0
1642,8517,0
3717,5335,0
1453,1454,0
5058,673,0
2965,367,0
5599,7132,0
25,27,0
2033,5970,0
4176,4331,0
1540,8737,0
5465,5598,0
10524,5371,0
1020,5747,0
5688,7494,0
4792,7988,0
8202,8517,0
6421,7150,0
3725,672,0
3551,4791,0
1956,5777,0
29110,4790,0
5058,9641,0
6714,8148,0
5563,5564,0
7316,8841,0
4914,5295,0
10856,6203,0
3551,801,0
1936,5295,0
329,329,0
673,7316,0
4791,8239,0
2099,2274,0
6908,8554,0
3329,8517,0
208,5879,0
324,5063,0
3480,4217,0
1432,2353,0
1029,51053,0
4609,5347,0
1432,4088,0
1457,4255,0
2058,3376,0
4791,801,0
1495,5663,0
672,6908,0
573,5914,0
356,8772,0
4804,7185,0
3716,6775,0
4221,6117,0
5682,875,0
2100,8554,0
5335,8525,0
4149,57634,0
10482,9939,0
355,8772,0
1676,836,0
3146,5970,0
1017,4088,0
4087,7157,0
6223,9641,0
1974,4087,0
5111,5985,0
2071,2961,0
3162,644,0
2961,5437,0
8743,8743,0
1017,6118,0
5290,7168,0
1025,367,0
3320,3320,0
5578,5914,0
2099,9734,0
3091,9759,0
207,4088,0
6194,8554,0
10783,4089,0
5588,836,0
5709,9097,0
10477,151636,0
5518,7001,0
10093,10097,0
5422,5516,0
5930,975,0
1029,9641,0
11200,11200,0
2099,4616,0
9641,9748,0
1025,5604,0
3726,7311,0
4091,9252,0
4089,6597,0
1869,6908,0
3690,5159,0
3320,5610,0
6015,6015,0
5610,6774,0
2247,5567,0
5530,5590,0
2071,2959,0
1978,6198,0
3716,5295,0
5111,5970,0
3320,4313,0
3480,7316,0
4691,7416,0
5036,9474,0
3320,7416,0
207,5058,0
4292,5887,0
1459,3065,0
1612,8517,0
6241,999,0
5111,7520,0
324,9184,0
7168,7168,0
1080,966,0
7150,81620,0
10933,80314,0
207,5577,0
317,355,0
5590,839,0
5371,5371,0
4436,672,0
6208,7150,0
1459,2247,0
23236,253430,0
3611,6464,0
2068,672,0
1022,25,0
3329,3329,0
51053,81620,0
369,54472,0
5921,7525,0
3690,8650,0
1453,8202,0
2241,2241,0
1643,7508,0
1956,7345,0
3065,672,0
1495,999,0
3480,5170,0
1022,672,0
3716,5777,0
2064,2099,0
5335,5894,0
1026,7316,0
1457,207,0
3726,5599,0
5518,56998,0
836,839,0
7128,841,0
207,6772,0
208,5591,0
5982,5985,0
6418,6418,0
1956,634,0
1025,5970,0
10856,9641,0
5305,5879,0
10733,6924,0
5663,983,0
1029,1869,0
3690,3690,0
4790,5578,0
30001,30001,0
5688,5715,0
1026,9133,0
3611,3611,0
25,3716,0
5609,6885,0
23411,8850,0
1936,6647,0
10109,999,0
472,9126,0
1026,7088,0
1387,3665,0
4683,7518,0
10783,4176,0
208,572,0
5465,5600,0
3480,3481,0
5595,644,0
3688,3690,0
3690,5747,0
7157,7965,0
7311,7345,0
5594,5594,0
7316,841,0
1019,332,0
112858,207,0
1974,4869,0
5347,6790,0
1459,3066,0
1612,8717,0
2033,4605,0
11340,5394,0
10645,8243,0
673,7013,0
1936,7428,0
4790,5451,0
3551,7248,0
10477,6015,0
2274,7988,0
10051,8517,0
5300,5567,0
1612,1613,0
207,2100,0
1786,5111,0
5430,5591,0
3662,4773,0
891,995,0
4088,7465,0
3065,545,0
1021,6241,0
5159,5894,0
598,6622,0
1017,7465,0
1978,2932,0
4998,8900,0
4677,9759,0
5300,839,0
1613,4233,0
2099,9219,0
596,7444,0
7428,801,0
6421,7316,0
2961,6908,0
3978,5810,0
1080,1080,0
81620,8900,0
3725,4780,0
6714,9531,0
1387,2956,0
5295,5335,0
4217,4297,0
5422,6119,0
5111,7153,0
2033,328,0
2958,6872,0
5810,5883,0
3980,6117,0
6303,9112,0
5970,7528,0
5684,5696,0
3014,811,0
604,604,0
5530,6647,0
5347,6788,0
2810,9759,0
64170,8548,0
26993,4087,0
10783,8239,0
4691,6208,0
6622,6622,0
2932,6198,0
1147,7128,0
3297,818,0
1936,3735,0
875,875,0
5859,6788,0
5156,6774,0
2932,595,0
3551,6790,0
1147,6885,0
9318,9978,0
10135,135,0
4055,4055,0
836,8428,0
11004,7428,0
392,663,0
11340,22894,0
5663,837,0
1029,4609,0
7421,7421,0
3014,7158,0
3551,5610,0
7316,993,0
4217,4217,0
662,662,0
5170,7153,0
2175,6446,0
207,3611,0
5243,5580,0
7321,841,0
2475,5563,0
6595,6872,0
1080,3329,0
8061,8797,0
624,6714,0
5747,8900,0
10915,51741,0
5925,8535,0
1020,5604,0
2182,9415,0
22938,7421,0
5747,7852,0
3320,6772,0
5156,5156,0
1454,4193,0
6794,6794,0
2266,2266,0
1213,5970,0
213,5036,0
22978,7083,0
5600,596,0
3608,8148,0
1387,6595,0
331,7334,0
4194,836,0
2100,2100,0
5347,7248,0
7040,7040,0
890,891,0
10421,1974,0
5578,6199,0
10397,2194,0
23043,7298,0
142,5564,0
7157,8894,0
4609,5598,0
7187,8717,0
1605,1605,0
7027,7158,0
4791,5684,0
573,7421,0
27,5159,0
5295,6714,0
11108,4088,0
4297,54623,0
5564,5688,0
10048,6885,0
6934,7185,0
1737,5162,0
6258,7376,0
208,5894,0
4953,7083,0
5170,6714,0
2099,2100,0
4214,7316,0
2932,324,0
1605,6464,0
3688,3688,0
1612,8678,0
4214,801,0
5688,9641,0
2965,5295,0
4089,55914,0
4915,7316,0
1080,3337,0
1956,5921,0
356,8771,0
7082,999,0
5925,9212,0
3148,367,0
4292,6118,0
3054,3065,0
1848,7988,0
5290,5580,0
1459,5058,0
5371,5598,0
1676,9958,0
2746,2806,0
2175,3337,0
4088,818,0
2099,7494,0
54577,5581,0
4297,6883,0
1499,2033,0
2932,5604,0
3586,6774,0
3091,4149,0
10476,539,0
1436,5296,0
2956,4436,0
1432,894,0
2353,5567,0
10413,7159,0
5743,5743,0
1499,6500,0
1387,5581,0
7316,9656,0
5580,624,0
4170,5366,0
5335,9531,0
3397,3428,0
3093,7428,0
1642,6502,0
3560,6464,0
7316,975,0
10111,5981,0
641,7013,0
1958,5684,0
4792,6188,0
3725,7311,0
5970,7124,0
1025,4691,0
369,4292,0
4149,84108,0
3065,6595,0
5981,5985,0
5036,9641,0
25,5921,0
472,64326,0
1459,4613,0
2033,6597,0
207,5770,0
4486,5970,0
6775,6775,0
23047,23047,0
356,6714,0
5371,5970,0
5465,5602,0
5981,890,0
1643,3065,0
1263,5594,0
3320,6203,0
7321,9616,0
1457,4605,0
7082,7082,0
4176,4176,0
330,7334,0
6118,7150,0
10048,4233,0
3716,5156,0
6241,7157,0
7248,8678,0
25,5430,0
4998,51053,0
10813,6118,0
3091,7316,0
4613,5747,0
1022,2071,0
1642,213,0
1385,207,0
7185,84433,0
1387,1457,0
5925,840,0
1457,7157,0
4609,5688,0
1017,11073,0
1958,4773,0
1111,207,0
2099,6196,0
54205,596,0
55832,9978,0
5688,5698,0
4171,9641,0
5058,5604,0
331,7335,0
3308,3320,0
4175,4176,0
10987,5335,0
142,4605,0
207,5170,0
3480,8835,0
4233,999,0
3337,4893,0
4294,8445,0
1827,7316,0
4486,5295,0
472,641,0
3093,51588,0
2261,6772,0
7528,8841,0
2099,6908,0
1647,7321,0
135,135,0
3688,5747,0
10524,25898,0
7124,7124,0
2175,6117,0
6794,9252,0
324,9939,0
5906,8772,0
5663,836,0
4088,8850,0
5156,6643,0
284058,9618,0
3980,6714,0
1385,6196,0
6872,8148,0
207,5518,0
26574,5932,0
6119,983,0
5156,5921,0
2099,4089,0
1499,5599,0
6117,6597,0
1021,1021,0
1612,7132,0
208,4303,0
2355,3725,0
841,842,0
1958,3725,0
10915,4869,0
6015,7323,0
2309,3551,0
1019,4088,0
4193,5716,0
29082,29082,0
2033,2099,0
10987,6772,0
10397,4691,0
5595,596,0
332,8678,0
1017,5925,0
1950,5296,0
6203,9641,0
1385,5567,0
1017,8517,0
1499,7153,0
28996,6672,0
207,7291,0
5335,5921,0
3376,367,0
5747,7248,0
1026,6117,0
3065,595,0
1978,983,0
11243,4780,0
3725,84333,0
2041,238,0
10524,10524,0
2959,8202,0
10524,57634,0
27113,7157,0
5580,5594,0
2073,5430,0
1387,2274,0
4953,6303,0
10915,3308,0
1453,637,0
3630,5925,0
2308,983,0
1981,1981,0
8518,8518,0
1445,7525,0
1020,5925,0
29110,7128,0
1020,5594,0
1021,367,0
9184,991,0
3146,4790,0
10482,7159,0
3065,8841,0
2553,3054,0
4791,4791,0
2261,5335,0
3630,3651,0
4830,7013,0
1017,994,0
5985,890,0
5720,7965,0
5599,5609,0
1027,898,0
4780,9817,0
230,3795,0
6502,8945,0
1827,2932,0
5048,5048,0
5518,7157,0
1111,4791,0
6117,7150,0
563,563,0
238,5296,0
3065,51588,0
3980,983,0
5590,7428,0
23043,5594,0
1432,1432,0
1017,5985,0
5052,6648,0
4869,6188,0
539,8517,0
10783,9688,0
4801,7157,0
4609,993,0
331,5894,0
338,811,0
1718,7157,0
1827,5567,0
5170,5599,0
5325,5325,0
6885,6885,0
2189,6117,0
7316,8915,0
23236,5590,0
367,994,0
10111,5982,0
2081,578,0
1020,25,0
10397,1499,0
5602,5609,0
7520,7528,0
8784,8784,0
6597,8202,0
6714,8850,0
3066,9112,0
10093,10109,0
5111,9641,0
1027,387,0
10413,8945,0
9261,993,0
56998,6119,0
5894,6251,0
2072,5347,0
3055,9734,0
5530,572,0
1457,3725,0
142,8517,0
4193,9126,0
2099,573,0
573,5925,0
5371,5600,0
1499,4771,0
5111,5111,0
604,65266,0
4089,5594,0
5894,5906,0
2099,8805,0
3726,4089,0
4292,5981,0
1454,25865,0
2309,3091,0
1021,595,0
2274,2274,0
5925,839,0
8841,9958,0
331,7321,0
1869,6015,0
2188,6119,0
2260,9564,0
2071,5430,0
2033,4088,0
2353,4691,0
2932,6196,0
5563,8243,0
5709,9641,0
10988,5595,0
4193,836,0
207,9261,0
331,9131,0
1499,5300,0
4087,5518,0
1026,5684,0
572,9252,0
8900,8900,0
7334,7428,0
10856,9759,0
4149,840,0
9112,9126,0
5590,688,0
3329,6188,0
1457,1459,0
10813,7013,0
1029,3091,0
3099,5581,0
1025,5430,0
5588,572,0
5598,891,0
3320,5590,0
10413,25,0
1026,1642,0
1263,3725,0
2547,328,0
2274,7157,0
7159,9618,0
1869,545,0
1025,3725,0
1027,672,0
5602,6464,0
5430,7316,0
1454,9978,0
7187,7316,0
2099,9961,0
355,8737,0
324,55914,0
5777,7132,0
572,598,0
7185,7311,0
1017,7915,0
2735,3065,0
1871,604,0
5564,84108,0
3297,9261,0
3055,3815,0
4149,7027,0
5970,6872,0
3055,356,0
25,5777,0
5604,983,0
1111,4221,0
6118,675,0
3717,5747,0
51588,8554,0
1856,387,0
1432,1827,0
23236,5580,0
23405,3608,0
5599,6464,0
1606,6714,0
27113,4170,0
7316,999,0
3170,7088,0
1432,1978,0
4193,6872,0
4191,4191,0
5058,572,0
675,8850,0
1457,7343,0
7249,9252,0
2870,624,0
1956,5165,0
5111,891,0
3066,9126,0
10921,1659,0
1387,2260,0
2068,6908,0
23581,841,0
10111,4436,0
4915,5770,0
5111,890,0
5887,7316,0
5347,5682,0
10987,2099,0
4089,7027,0
1027,207,0
1432,5594,0
1027,5594,0
3815,5295,0
4088,5371,0
367,7520,0
3313,8517,0
23368,7185,0
4953,4953,0
1786,5925,0
5604,6196,0
142,4869,0
3265,8525,0
1026,983,0
7421,9412,0
1026,5578,0
1956,7525,0
387,7132,0
1026,1457,0
1436,5295,0
2033,3065,0
5879,6198,0
1387,1499,0
3297,6872,0
4214,9131,0
1647,1647,0
4609,5982,0
3717,5295,0
1499,2274,0
1616,7040,0
1387,4217,0
1459,2071,0
5422,6118,0
1457,3800,0
836,9748,0
5590,5604,0
1643,25,0
3480,6714,0
207,7248,0
10813,5728,0
23405,4869,0
3364,5982,0
1387,5590,0
1432,7248,0
5291,5295,0
5300,8202,0
10094,10097,0
1857,9491,0
5590,5925,0
1495,1956,0
2810,79109,0
8243,837,0
25,4914,0
11113,387,0
1020,7150,0
6117,641,0
51741,5430,0
4734,5728,0
1385,6721,0
3376,6446,0
6648,7428,0
1029,894,0
5578,7832,0
2353,2355,0
1956,993,0
2353,5602,0
11073,7150,0
4869,5036,0
29978,8945,0
51330,7185,0
5578,7150,0
1022,3725,0
10125,5588,0
5524,596,0
488,596,0
1956,6772,0
1026,6500,0
10617,4091,0
1022,5430,0
5452,7528,0
1869,5036,0
958,9958,0
10111,641,0
595,6774,0
1499,5663,0
6258,7421,0
1457,4613,0
2956,641,0
5452,5452,0
330,4055,0
329,836,0
6595,6883,0
253430,5335,0
4734,839,0
2768,5581,0
1387,4255,0
3978,5883,0
4171,5347,0
10988,5610,0
1052,4088,0
355,5777,0
81620,890,0
4170,5595,0
81620,983,0
4170,8239,0
355,637,0
5371,8841,0
3162,7316,0
3066,3320,0
4175,8243,0
3297,7520,0
5970,7159,0
3480,5747,0
142,6418,0
572,673,0
1606,3558,0
4176,4998,0
4194,5580,0
5594,6188,0
5581,581,0
7311,8717,0
4609,5300,0
5159,6772,0
1029,7150,0
238,5921,0
4190,4190,0
1958,7124,0
1027,6502,0
1017,5932,0
5594,5610,0
1029,10856,0
5111,983,0
5688,5716,0
1457,3428,0
207,3320,0
1147,7132,0
6883,9219,0
5883,983,0
2961,672,0
3065,3320,0
10421,3795,0
596,663,0
573,598,0
4436,8517,0
2932,581,0
2810,4486,0
3329,839,0
7311,8878,0
2961,902,0
3320,8517,0
4869,672,0
2068,902,0
3308,4869,0
4791,7520,0
6015,84108,0
5609,8837,0
10397,4292,0
213,5004,0
22978,22978,0
2956,672,0
5693,5709,0
10451,6464,0
1020,6418,0
1499,208,0
5888,8438,0
5581,688,0
25,4194,0
3832,983,0
5111,7374,0
836,836,0
5296,7185,0
1786,2932,0
5452,6908,0
10987,7311,0
5686,5688,0
4193,4303,0
2071,2073,0
4292,6119,0
672,890,0
1642,196,0
4436,472,0
1022,2033,0
4214,7323,0
6714,7311,0
1213,6885,0
1612,23604,0
4193,8650,0
1017,22938,0
10856,4790,0
51741,6421,0
2308,891,0
5981,5981,0
10783,64750,0
6595,898,0
1457,5371,0
1387,1958,0
7852,9097,0
8743,8797,0
28996,8535,0
3320,3725,0
3014,5111,0
6198,695,0
4171,4176,0
1021,1029,0
5564,7334,0
324,324,0
2033,6774,0
1026,208,0
1385,9252,0
637,7132,0
3093,7157,0
1387,4303,0
4296,5300,0
3055,5430,0
1977,1978,0
27113,599,0
5982,6118,0
3091,5728,0
207,3690,0
4773,5300,0
4605,595,0
4790,5296,0
2068,2965,0
1869,3065,0
5970,8850,0
1786,3065,0
2033,9794,0
9140,9474,0
9618,9618,0
3066,4609,0
5970,7311,0
4609,6418,0
9700,983,0
151636,151636,0
2064,55914,0
1387,672,0
4292,641,0
10987,84433,0
196,196,0
1022,902,0
1499,2932,0
6196,673,0
5295,5747,0
10813,6303,0
3091,9112,0
2309,4087,0
1499,207,0
5894,598,0
2033,4773,0
4791,4792,0
27,5335,0
7486,7520,0
5580,688,0
4292,6117,0
5347,7465,0
1871,7027,0
350,3725,0
4088,5325,0
213,51720,0
2308,6714,0
10856,5352,0
4609,6576,0
1499,595,0
1457,6303,0
4830,6790,0
8772,8797,0
8837,9958,0
1019,506,0
7153,7157,0
1029,4175,0
5618,7316,0
4790,7528,0
2961,2965,0
1432,572,0
5770,5770,0
2806,3242,0
4171,545,0
5925,6597,0
55914,55914,0
6199,6714,0
5036,5170,0
1457,5970,0
1387,7343,0
1387,4605,0
1432,9252,0
10524,2099,0
4174,6118,0
1616,25888,0
5335,5879,0
3832,7128,0
23043,7345,0
4791,6208,0
22938,4089,0
3716,7132,0
8239,83737,0
3559,5578,0
1025,5300,0
1017,9219,0
10383,6303,0
578,7416,0
25898,801,0
3383,3383,0
5970,6188,0
4791,5970,0
1385,472,0
5430,65123,0
10253,10868,0
2932,3725,0
1385,208,0
1147,3551,0
2033,7158,0
5688,5720,0
25,5295,0
4914,5770,0
5111,760,0
4233,5747,0
5578,6196,0
208,3320,0
1020,672,0
5684,9212,0
5682,8548,0
10856,10933,0
1854,22978,0
4088,64750,0
4055,7187,0
4087,8850,0
4313,7040,0
10048,673,0
1111,641,0
7376,7376,0
596,598,0
331,7316,0
1457,4792,0
2932,6790,0
4790,801,0
1499,4087,0
4771,4771,0
10524,7157,0
1029,3313,0
3055,5921,0
3066,5925,0
4331,7157,0
4691,4869,0
5770,983,0
5925,8841,0
1432,7867,0
378,4609,0
6714,817,0
2058,5859,0
1499,196,0
1387,3297,0
5347,675,0
1432,5610,0
10379,4790,0
5686,7494,0
54815,9219,0
10524,983,0
56616,7187,0
2547,5921,0
3551,8518,0
5698,6772,0
1856,207,0
324,5747,0
7311,8517,0
472,472,0
1019,5925,0
4691,9533,0
4691,7088,0
5595,6622,0
1022,2068,0
4683,54386,0
25,3717,0
3297,3337,0
3934,3934,0
5598,7157,0
3480,5921,0
317,837,0
3098,9945,0
1857,1857,0
6223,6223,0
1958,6647,0
4605,890,0
4436,5590,0
2073,2965,0
2068,2073,0
6300,9261,0
3725,573,0
596,983,0
4087,5300,0
3560,5894,0
5982,641,0
673,673,0
5518,7965,0
3313,9641,0
2547,7528,0
5156,5159,0
3725,8061,0
3486,7157,0
4170,578,0
7185,8767,0
10048,7345,0
10476,506,0
2194,8517,0
1642,9318,0
4968,4968,0
2064,5296,0
6774,6885,0
6872,6872,0
3611,3690,0
4170,5602,0
1026,5162,0
213,3778,0
672,7323,0
5810,5985,0
6119,890,0
4792,5295,0
1387,994,0
10524,10621,0
2033,9656,0
1431,6446,0
3665,4615,0
5581,6199,0
2353,657,0
1891,1892,0
1540,3551,0
51719,5562,0
4893,5894,0
1869,2965,0
7150,7150,0
545,9219,0
4830,983,0
367,5894,0
1457,2810,0
3065,9734,0
2956,472,0
1974,1974,0
5698,5699,0
5335,695,0
26993,4609,0
53632,5562,0
1147,4087,0
1974,7083,0
10664,5430,0
3458,3458,0
595,891,0
10111,5932,0
3980,5335,0
3065,9219,0
5465,6258,0
1459,3725,0
4171,6790,0
664,665,0
2810,9564,0
5465,5595,0
4609,5684,0
23636,23636,0
5335,6934,0
637,637,0
3014,545,0
3029,5052,0
112858,7157,0
4609,7158,0
1436,7525,0
23405,5709,0
1385,818,0
1147,2099,0
4193,9261,0
4771,5063,0
367,6908,0
5894,596,0
604,6608,0
4609,7153,0
332,55143,0
2932,999,0
7251,7316,0
4087,6208,0
3725,5970,0
55504,7187,0
6118,7158,0
4869,6208,0
207,4296,0
6647,7001,0
3608,4869,0
4303,604,0
3146,7088,0
2810,7157,0
1072,7016,0
11200,1263,0
1869,472,0
10421,9491,0
1387,5580,0
4436,7157,0
2099,4790,0
356,8795,0
3065,675,0
4193,65264,0
5914,694,0
5530,9097,0
701,991,0
2146,5371,0
578,578,0
2064,27,0
10524,367,0
2072,8453,0
22944,6118,0
1457,8894,0
1453,8900,0
1613,7157,0
27,3265,0
207,4087,0
1027,25,0
11284,3980,0
3065,6908,0
8945,993,0
1387,324,0
5747,5930,0
1499,2099,0
4292,5682,0
1017,2946,0
2099,595,0
57144,9491,0
1213,7132,0
6258,816,0
6772,7132,0
975,975,0
6500,898,0
599,637,0
9759,9759,0
10856,4791,0
5888,7157,0
2932,7428,0
472,9656,0
840,9616,0
2194,4791,0
1459,7421,0
5981,672,0
10298,2263,0
5688,8767,0
3725,5300,0
1459,3800,0
1080,5581,0
4087,7013,0
10651,6464,0
5590,8772,0
1387,9618,0
2956,5888,0
3065,6421,0
5430,817,0
841,8517,0
4609,488,0
369,6714,0
894,9978,0
1019,5518,0
5610,6772,0
5594,9252,0
6622,7316,0
5970,7088,0
23411,7486,0
213,4790,0
539,5564,0
3832,8841,0
29775,8517,0
1387,4436,0
6194,7311,0
5111,55120,0
1616,3297,0
1642,4214,0
10135,10135,0
332,56616,0
2189,641,0
196,2033,0
4170,5599,0
2961,4331,0
10001,7421,0
2065,5747,0
