gene,betweenness,degree,closeness,constraint,coreness,eccentricity,eigen_centrality,hub score
2,65754.88479,74,1.08E-08,0.016593892,21,8,0.012821345,0.008503884
25,272555.7362,305,1.07E-08,0.00927564,34,8,0.058648836,0.047555965
27,10939.11523,31,1.02E-08,0.040489658,23,9,0.006761677,0.004377153
93,1278.14796,21,5.52E-09,0.086818694,10,10,0.000319226,1.37E-05
135,1017.178708,12,1.16E-08,0.107839824,11,9,0.001125656,0.001801912
142,46999.33224,134,1.29E-08,0.011041146,34,8,0.057777608,0.055051888
143,0,1,5.52E-09,1,1,10,1.54E-05,1.37E-05
185,11237.4077,25,1.27E-08,0.04486785,16,8,0.006565108,0.006550458
191,739.1105022,19,9.59E-09,0.067911469,14,9,0.006768775,0.00778074
196,12650.53101,40,1.20E-08,0.031948475,27,9,0.013356284,0.011849596
203,0,9,1.12E-08,0.111111111,9,9,0.000208521,0.000203738
207,212219.7222,222,1.19E-08,0.006190744,34,9,0.067071278,0.057572877
208,21648.74511,88,1.17E-08,0.015380227,30,9,0.019334186,0.017082191
210,0,3,7.38E-09,1,3,10,1.58E-06,3.73E-06
213,127380.8852,167,1.14E-08,0.007627665,24,8,0.02933649,0.022554917
218,3861.224031,45,1.02E-08,0.048029929,19,10,0.000330268,0.00022463
230,4128.576485,28,9.65E-09,0.049680787,19,10,0.000938479,0.000950754
238,37743.1024,71,1.02E-08,0.015709669,26,9,0.01738394,0.016664787
271,0,3,5.52E-09,1,3,10,0.000149169,2.65E-06
308,2742.373362,11,8.78E-09,0.090909091,8,9,0.000722926,0.000701234
317,5936.865378,20,9.51E-09,0.061712811,15,9,0.004802985,0.004454804
324,398208.021,235,9.50E-09,0.005338388,34,8,0.075469614,0.045639525
328,71720.13523,48,9.50E-09,0.026250219,25,9,0.014198731,0.008337281
329,18414.08776,51,7.79E-09,0.023409009,24,9,0.008498415,0.011922987
330,2924.919783,30,7.43E-09,0.043650746,22,9,0.007521126,0.007869768
331,22332.86302,65,9.43E-09,0.018894741,26,9,0.012904738,0.013971012
332,9289.106439,23,9.42E-09,0.057684019,18,9,0.004812562,0.003965835
338,25108.4705,32,8.50E-09,0.034641039,17,9,0.006587056,0.002208247
345,296.1121349,8,6.04E-09,0.134337882,8,9,0.000429338,0.000264224
350,33564.10706,34,8.94E-09,0.034067601,18,8,0.007363574,0.003627632
355,14777.20065,55,8.96E-09,0.023343692,28,9,0.014011237,0.009724429
356,107371.4837,87,8.95E-09,0.013517244,26,9,0.012589044,0.010456314
367,291591.2171,212,8.97E-09,0.00663153,34,9,0.055897237,0.042673535
369,29166.96427,44,8.56E-09,0.026216293,21,9,0.011944923,0.012430411
378,7649.257853,6,7.95E-09,0.166666667,6,9,0.002717916,0.001510222
382,121054.2703,119,8.37E-09,0.009616186,31,9,0.058604492,0.032417903
387,137710.2085,116,8.67E-09,0.011652899,28,9,0.018665227,0.01611729
388,5912.441697,26,7.72E-09,0.038597883,12,10,0.001589337,0.000881799
392,11562.23012,24,7.22E-09,0.048644957,17,9,0.006638016,0.003599412
444,0,2,5.52E-09,0.5,2,10,4.21E-06,0
472,92804.3197,116,7.29E-09,0.012894481,29,9,0.016606302,0.013166093
475,1950.935135,8,6.96E-09,0.18739229,6,10,4.88E-05,9.91E-06
488,13261.88179,23,7.13E-09,0.052137776,19,9,0.005727387,0.005002328
506,29814.2939,43,7.65E-09,0.037637597,23,8,0.017414115,0.013849013
538,1249.61457,5,5.74E-09,0.251225907,5,9,1.78E-05,3.42E-06
539,14629.22863,44,7.03E-09,0.035683766,23,9,0.017270514,0.009480523
545,46235.0549,91,6.93E-09,0.015251502,29,9,0.022482501,0.014035182
563,0,5,5.52E-09,0.333333333,5,9,0.000552785,5.49E-06
572,42150.32234,54,6.76E-09,0.022868893,30,9,0.016990499,0.013537779
573,19101.79713,30,6.77E-09,0.036522458,26,9,0.010032581,0.004605274
578,4494.303514,26,6.67E-09,0.047730797,18,9,0.012853854,0.005309626
581,7092.28972,36,6.67E-09,0.040830977,23,9,0.009049551,0.005765788
595,41138.30642,63,6.57E-09,0.020250571,31,9,0.016654943,0.008876488
596,130286.0746,108,6.67E-09,0.014013304,30,8,0.01680641,0.011219421
598,100607.4516,87,6.66E-09,0.017512108,27,8,0.009607513,0.007831496
599,1075.526382,14,6.17E-09,0.083070407,10,9,0.001425164,0.001003217
604,105225.1374,98,6.36E-09,0.011826164,27,9,0.010221591,0.004218603
624,1241.976471,21,6.26E-09,0.051928778,15,9,0.003569389,0.000891922
634,5527.364433,20,6.34E-09,0.066765266,15,9,0.003747778,0.001585921
637,12658.48096,49,6.15E-09,0.025757406,26,8,0.007061066,0.003423501
641,21665.91753,51,6.36E-09,0.033657182,25,9,0.008568777,0.006255247
644,320.4005706,10,5.54E-09,0.127677297,10,9,0.001413332,0.000312363
657,2105.099582,23,6.14E-09,0.060063636,13,9,0.004094341,0.000205547
662,262.0713822,7,5.53E-09,0.20170499,7,9,0.002650966,3.72E-05
663,11575.95824,16,5.54E-09,0.078524918,11,9,0.003361445,0.000818998
664,21473.18135,29,5.54E-09,0.058204038,14,9,0.003583879,0.00014502
665,4911.566667,24,5.54E-09,0.050715558,14,9,0.001331327,8.42E-05
672,319588.091,261,6.24E-09,0.006347243,34,9,0.060733327,0.017824174
673,16570.96524,52,6.03E-09,0.023597477,30,9,0.021618689,0.01104703
675,31024.39504,53,6.15E-09,0.027176035,25,9,0.00931076,0.002076127
688,3495.55317,29,6.10E-09,0.036648257,28,9,0.012850658,0.005188432
694,991.0234615,11,6.10E-09,0.093402865,10,10,0.005121595,0.005099289
695,36550.23405,89,5.94E-09,0.014492357,30,9,0.024194971,0.00650808
699,646.0007775,17,5.55E-09,0.068012694,14,9,0.002338809,0.001042101
701,2205.97808,22,5.55E-09,0.058001787,14,9,0.002217874,0.001031307
716,6325.697784,7,5.86E-09,0.302334194,6,9,3.84E-05,9.40E-06
760,1944.911116,12,5.58E-09,0.083615607,6,10,0.004586679,0.000471163
780,3230.036468,22,5.68E-09,0.050839373,16,9,0.004661453,0.004751058
801,79633.33954,192,5.70E-09,0.006098846,37,9,0.060673476,0.009845712
811,32969.38043,77,5.61E-09,0.018111039,30,8,0.038625382,0.004995729
816,13225.26867,56,5.60E-09,0.022361503,24,9,0.010556074,0.000359903
817,11929.57917,55,5.60E-09,0.022348292,27,9,0.019560677,0.006970066
818,4219.131236,50,5.58E-09,0.023550473,24,9,0.006148244,0.000263666
833,207.8873206,7,5.55E-09,0.150953363,7,9,0.001573245,0.000759405
836,55154.57042,142,5.63E-09,0.008753691,31,8,0.031697192,0.005727788
837,9979.573655,54,5.62E-09,0.021653561,24,8,0.016191419,0.001213935
839,1374.120363,41,5.62E-09,0.029645081,27,8,0.011859844,0.000810261
840,3643.997998,51,5.62E-09,0.022520744,26,8,0.009187756,0.003875628
841,56971.31317,115,5.62E-09,0.012521761,32,8,0.033421798,0.011581356
842,1142.555013,45,5.57E-09,0.028677697,24,8,0.008585936,0.000861052
873,38.00830095,18,5.52E-09,0.056578198,17,9,0.011034505,0.002244371
874,132.3072334,5,5.52E-09,0.2,5,9,0.000585772,1.11E-05
875,1097.339559,31,5.53E-09,0.042209724,16,9,0.004906683,0.004715419
883,312.2945915,7,5.52E-09,0.284229025,5,10,3.86E-05,2.93E-05
890,9691.898803,56,5.53E-09,0.025151467,27,9,0.014869708,0.001281729
891,20093.87649,65,5.53E-09,0.021356957,28,9,0.014526842,0.001010577
894,1081.299538,19,5.52E-09,0.057770707,15,9,0.004087006,0.000209223
898,3197.848778,47,5.52E-09,0.024994887,27,9,0.018074393,0.001034233
902,995.0209275,36,5.54E-09,0.03524372,24,9,0.007165115,0.00014177
914,18521.55872,19,5.53E-09,0.058992568,15,9,0.006756734,0.00196301
929,0,10,5.52E-09,0.102486102,8,8,0.000240983,0
944,0,2,5.52E-09,0.5,2,10,8.27E-06,0
958,2820.4402,43,5.52E-09,0.025438295,24,9,0.015441362,0.000221432
966,0,14,5.52E-09,0.07839106,9,9,0.00421511,0
970,0,1,5.52E-09,1,1,11,5.82E-06,0
975,0,36,5.52E-09,0.042265068,16,9,0.00464472,2.54E-05
978,289.3749443,21,5.52E-09,0.057871924,13,9,0.001011414,3.96E-05
983,23685.10486,290,5.52E-09,0.004615824,34,8,0.065555458,0.000448769
991,504.4248623,43,5.52E-09,0.032502516,19,9,0.005897749,0.000139156
993,0,35,5.52E-09,0.031969693,26,9,0.010121941,0
994,0,33,5.52E-09,0.031935013,25,9,0.013278492,0
995,0,30,5.52E-09,0.03759543,23,9,0.01187571,0
999,0,105,5.52E-09,0.014070201,30,8,0.016941602,0.000185992
1017,10139.81764,371,1.88E-08,0.003696655,44,9,0.148789253,0.150953039
1019,0,119,1.83E-08,0.011068858,31,9,0.038709886,0.035113926
1020,211.2670556,108,1.78E-08,0.012507602,31,8,0.027026346,0.024908649
1021,200.913742,66,1.79E-08,0.021087703,31,9,0.019419575,0.017263499
1022,1298.043009,89,1.67E-08,0.017985588,31,9,0.023555443,0.021042334
1025,11597.23293,99,1.49E-08,0.013921196,31,9,0.032059763,0.031027444
1026,18149.21649,184,1.76E-08,0.007330734,34,9,0.063491933,0.063847721
1027,7995.229809,73,1.54E-08,0.017530706,31,9,0.026280631,0.026581019
1029,20476.38761,105,1.66E-08,0.011385319,36,9,0.07606171,0.076940037
1052,4371.200864,21,1.63E-08,0.054814676,16,9,0.004307118,0.004300789
1062,133.1204411,10,1.05E-08,0.133953554,8,9,0.000724589,0.00094282
1069,0,11,1.30E-08,0.09402355,9,9,0.001284547,0.001826622
1072,17889.44997,45,1.55E-08,0.02786613,22,9,0.017687334,0.017210041
1080,38786.63399,161,1.55E-08,0.007100088,31,9,0.031872846,0.030172271
1111,457.1220772,52,1.47E-08,0.022956901,29,9,0.023726501,0.02363891
1123,26.8804195,13,1.17E-08,0.081540799,11,9,0.008452791,0.009745838
1147,49441.60576,152,1.48E-08,0.010507616,37,9,0.084610928,0.082644257
1211,6461.934418,16,1.47E-08,0.067409224,15,9,0.009993255,0.006548469
1212,875.2172125,8,1.47E-08,0.138361956,8,9,0.003844024,0.002830876
1213,25009.05155,96,1.47E-08,0.013202313,34,9,0.039858655,0.045117223
1244,0,5,6.36E-09,0.208708589,4,9,0.000159742,0.000234252
1263,1034.453754,20,8.93E-09,0.060045788,17,9,0.008037441,0.008979876
1381,0,1,7.19E-09,1,1,9,0.00012724,0.00018042
1384,0,3,9.10E-09,0.434076003,3,10,0.000505631,0.000871924
1385,69195.43135,131,1.47E-08,0.009293619,31,9,0.024251874,0.025208009
1387,116144.5045,276,1.45E-08,0.005982366,34,9,0.054906607,0.049347843
1407,0,17,1.37E-08,0.086846278,12,9,0.003092564,0.00429208
1431,1371.587466,14,1.08E-08,0.074003856,12,9,0.004842707,0.004843005
1432,124824.4013,232,1.42E-08,0.006694405,33,9,0.046551867,0.040343686
1436,1738.331728,20,1.04E-08,0.063466486,19,9,0.007019195,0.007957947
1445,10009.68675,60,1.33E-08,0.023507983,27,9,0.009818522,0.00951548
1453,6501.830158,33,1.37E-08,0.035459379,20,9,0.004652113,0.004478293
1454,9662.721181,51,1.37E-08,0.025673794,23,9,0.009433076,0.009129324
1457,179636.0498,315,1.41E-08,0.004722791,36,8,0.086838602,0.082720363
1459,45761.0452,174,1.38E-08,0.008568616,34,8,0.057493214,0.056551801
1490,0,14,1.09E-08,0.079362236,12,9,0.001978029,0.002225697
1495,23438.58089,44,1.38E-08,0.031441837,23,9,0.00835901,0.007991133
1499,222921.3877,224,1.37E-08,0.00663274,34,9,0.049072757,0.042085579
1508,7022.141936,33,1.17E-08,0.035174749,15,9,0.002858767,0.001689326
1540,5900.427832,23,9.51E-09,0.048050558,14,9,0.009471798,0.013427128
1545,10661.85673,30,1.17E-08,0.107644211,20,10,0.000579734,0.000385802
1605,14205.96554,30,1.23E-08,0.042259893,17,9,0.004747492,0.004062231
1606,790.8465384,20,1.06E-08,0.075732965,18,9,0.003083257,0.002550871
1612,1287.033716,30,1.33E-08,0.03937874,19,9,0.005895187,0.007177294
1613,7425.357385,33,1.33E-08,0.035154417,23,9,0.011379965,0.00890686
1616,48555.39962,115,1.33E-08,0.009998969,31,9,0.033804253,0.04034338
1633,1414.378623,16,1.10E-08,0.082715182,13,10,0.002250931,0.000712675
1642,71566.3987,187,1.33E-08,0.010847951,71,9,0.281795239,0.316188258
1643,1847.798913,25,1.15E-08,0.058982743,20,9,0.010158341,0.009641858
1647,63341.56242,62,1.30E-08,0.0193335,27,8,0.026080613,0.023709311
1659,1363.298247,158,1.31E-08,0.02067154,129,10,0.434146569,0.415294293
1676,6516.250859,25,1.15E-08,0.047105304,18,9,0.012659571,0.016126949
1677,51.46084243,6,6.34E-09,0.304164041,5,9,0.001259682,0.002002063
1718,0,1,6.09E-09,1,1,9,0.000865892,0.001412112
1719,0,12,1.08E-08,0.086834346,10,8,0.004658299,0.005444602
1736,4647.144767,12,1.28E-08,0.085318178,11,9,0.010642144,0.008595044
1737,0,10,9.59E-09,0.18082569,8,9,0.000884317,0.000633697
1786,9532.013322,49,1.31E-08,0.029879289,26,9,0.011049277,0.0124041
1803,46.58788713,19,8.38E-09,0.061037027,8,9,0.00130156,0.001969153
1827,171.8587658,23,9.82E-09,0.046018608,20,8,0.005080263,0.006359985
1841,153.1048792,14,9.24E-09,0.134828462,12,10,0.001001257,0.001477436
1844,0,2,6.99E-09,0.50390575,2,9,0.000635035,0.000485612
1848,181.7712826,6,7.82E-09,0.167991652,6,9,0.001100181,0.001075837
1849,27.87747148,5,1.30E-08,0.202819908,5,9,0.005708018,0.00219811
1852,0,3,6.99E-09,0.338633275,3,9,0.000929303,0.000809058
1854,3489.57679,36,1.06E-08,0.039088534,15,9,0.004597737,0.00340449
1856,47830.31411,78,1.19E-08,0.015069769,27,9,0.024167983,0.017204418
1857,25868.72971,49,1.19E-08,0.022576792,20,9,0.009135988,0.010757078
1869,81020.48402,86,1.15E-08,0.014346498,31,9,0.02044229,0.019985198
1871,1001.873068,21,1.13E-08,0.051774131,16,9,0.002394114,0.002784639
1891,47534.63276,31,1.28E-08,0.054736733,20,9,0.003157485,0.002680866
1892,15164.55114,44,1.16E-08,0.034855763,20,8,0.012645968,0.013733731
1936,49546.01572,78,1.28E-08,0.014564258,31,9,0.03029837,0.026562575
1948,3360.086053,22,1.10E-08,0.053678949,15,9,0.001293715,0.001527803
1950,6409.256503,17,1.27E-08,0.070976984,14,8,0.004195023,0.002672552
1956,431252.3891,379,1.27E-08,0.004165491,37,8,0.094314607,0.094092035
1958,34191.65678,40,1.22E-08,0.028989112,23,9,0.007624517,0.005788532
1959,0,10,1.22E-08,0.101249347,9,10,0.000485749,0.000231741
1974,37352.66303,119,1.23E-08,0.014958283,68,9,0.183788345,0.186184117
1977,8674.816124,42,1.20E-08,0.029077268,23,9,0.017822308,0.019923526
1978,8714.937446,31,1.19E-08,0.036101899,20,9,0.009407408,0.007989906
1981,6465.187923,47,1.15E-08,0.02607699,26,9,0.03347213,0.034429181
1984,3552.678005,10,1.09E-08,0.101457618,8,9,0.004367505,0.004113836
2033,269716.6808,286,1.20E-08,0.005830045,34,9,0.06375385,0.050756143
2041,741.5003194,3,1.02E-08,0.333333333,3,10,0.000257771,0.000115383
2047,2866.758049,13,1.02E-08,0.09520785,11,9,0.003025202,0.001991214
2058,14200.98461,160,1.12E-08,0.014795924,104,9,0.474858818,0.442992107
2064,57504.73698,135,1.17E-08,0.011865401,30,9,0.018401869,0.01901101
2065,21755.25226,68,1.07E-08,0.020782571,27,9,0.014243792,0.015245915
2067,0,13,1.11E-08,0.082566969,11,9,0.002084181,0.001263527
2068,26.15979759,39,1.15E-08,0.054660026,28,9,0.005139064,0.006331861
2071,8525.994237,68,1.15E-08,0.026067894,30,9,0.029038342,0.02438514
2072,10276.94699,86,1.11E-08,0.022656196,71,9,0.218076758,0.247862825
2073,2870.963742,12,1.15E-08,0.093282322,11,9,0.003752889,0.003107929
2081,40.15088274,18,9.45E-09,0.067313687,16,9,0.00963988,0.011260204
2099,260891.4346,297,1.16E-08,0.005614518,36,9,0.079667412,0.064102048
2100,10056.85936,80,1.05E-08,0.017826802,31,9,0.028909606,0.022757402
2146,24004.2375,52,1.10E-08,0.021634157,24,9,0.010748748,0.01111163
2149,4915.169633,16,1.05E-08,0.063952573,14,8,0.001862109,0.001552315
2166,52.54713372,3,8.60E-09,0.333333333,3,9,0.00146477,0.001097599
2167,2464.494458,11,9.02E-09,0.094363406,11,9,0.003888518,0.004685555
2175,44148.00316,77,1.09E-08,0.018526581,30,8,0.035784222,0.032455431
2180,11.70521274,9,9.40E-09,0.200648765,8,10,0.000121283,6.36E-05
2182,181.1731213,10,9.40E-09,0.173284958,9,9,0.001652034,0.002678687
2188,1675.55608,19,1.05E-08,0.093804856,16,9,0.001524677,0.001325836
2189,34613.89821,45,1.05E-08,0.035844531,21,8,0.004105278,0.002813963
2194,53185.35416,31,9.40E-09,0.063662276,15,9,0.014811251,0.013871508
2197,267.1320456,87,1.04E-08,0.023934133,80,9,0.297474771,0.362072634
2237,1047.818266,16,9.82E-09,0.069326178,15,9,0.009551933,0.006653599
2241,907.225255,22,1.02E-08,0.053977525,20,9,0.003310401,0.002498412
2247,9952.887003,35,1.04E-08,0.033048921,18,8,0.010584747,0.011377673
2260,39842.98804,53,1.02E-08,0.021656963,25,9,0.012406948,0.00651531
2261,44501.26728,44,1.02E-08,0.024158842,18,8,0.015944031,0.013719567
2263,16318.90192,29,1.04E-08,0.038500429,15,9,0.001932924,0.00199266
2266,5901.748022,11,9.05E-09,0.143752102,10,8,0.00018041,9.94E-05
2274,124374.7069,103,1.11E-08,0.01132718,28,8,0.017011735,0.01238639
2289,7812.917566,22,1.08E-08,0.053295806,18,9,0.011706183,0.009103882
2308,11123.21496,40,1.06E-08,0.028151425,27,9,0.011769705,0.011162035
2309,26173.99918,43,1.06E-08,0.025579829,25,9,0.013857459,0.015731403
2313,6615.607852,18,1.09E-08,0.057516435,14,9,0.007130597,0.006209397
2321,1887.492216,26,1.04E-08,0.055181401,19,9,0.005343073,0.00461131
2322,0,15,1.02E-08,0.08004494,13,9,0.005137078,0.005182265
2353,154073.9664,196,1.04E-08,0.006756516,34,8,0.047782111,0.052930163
2355,3615.04001,18,8.97E-09,0.06636612,14,9,0.002214379,0.002307182
2475,29105.55367,59,1.07E-08,0.023835941,27,9,0.018228636,0.022503766
2535,139.3993969,2,5.59E-09,0.5,2,9,6.07E-05,4.32E-06
2547,102357.4998,128,1.03E-08,0.009668158,31,9,0.042746051,0.033565256
2553,32942.47693,26,1.04E-08,0.039531338,16,9,0.006774715,0.009364891
2581,0,4,1.02E-08,0.353854875,4,9,5.49E-06,6.66E-07
2625,6181.168279,20,9.34E-09,0.051261669,12,9,0.0011919,0.001055744
2627,3085.152862,12,9.32E-09,0.089466623,9,9,0.001284655,0.001044855
2677,760.6379866,6,6.34E-09,0.211189607,5,8,2.61E-05,5.20E-06
2717,351.9534276,5,6.85E-09,0.429846939,4,9,5.89E-05,2.08E-05
2730,1909.240253,7,8.96E-09,0.142857143,6,10,0.001864021,0.001440921
2735,6847.133851,28,9.79E-09,0.049109783,17,9,0.003005545,0.003157635
2737,3497.26675,17,8.47E-09,0.071867436,12,9,0.002474537,0.002072448
2744,11.53454817,5,8.38E-09,0.2,5,10,0.000809245,0.000735158
2746,0,7,9.45E-09,0.200748188,7,9,0.004208037,0.005674039
2768,12774.85614,34,1.04E-08,0.036927701,18,9,0.005416149,0.005694016
2806,28735.49937,33,9.45E-09,0.047913102,13,9,0.006107673,0.005509877
2810,200654.4131,165,1.00E-08,0.00903864,29,9,0.027634849,0.021129385
2870,6531.021293,21,9.65E-09,0.053416476,12,9,0.000632933,0.000536571
2932,374164.1294,255,9.82E-09,0.004951344,35,8,0.09022904,0.068437635
2946,2258.415702,5,9.52E-09,0.333333333,5,10,0.000989607,5.59E-05
2956,5550.214276,40,8.83E-09,0.037065074,25,9,0.009339426,0.009492947
2958,138.9435987,22,9.55E-09,0.084634619,19,9,0.002018599,0.002607978
2959,19987.02528,106,9.55E-09,0.01821596,31,9,0.037544646,0.037478017
2961,8679.912314,41,9.52E-09,0.04742058,28,9,0.006362485,0.005400062
2965,30867.26035,69,9.51E-09,0.028051199,29,9,0.015443713,0.013751184
3014,36724.56406,144,9.46E-09,0.012705875,71,9,0.258620252,0.277393115
3029,4725.746095,27,7.21E-09,0.046264146,19,9,0.000299269,0.000332243
3034,2864,4,7.01E-09,0.283975222,3,11,6.84E-06,1.61E-06
3054,44586.40293,60,9.74E-09,0.023375161,28,9,0.016191655,0.013804612
3055,89321.40781,98,9.58E-09,0.012473163,28,8,0.023575732,0.017675369
3065,280438.3644,301,9.73E-09,0.006824967,36,9,0.0883177,0.067722111
3066,81998.21072,204,9.68E-09,0.01019733,34,9,0.065703153,0.055258946
3091,61131.40026,75,9.66E-09,0.017432676,31,9,0.020221287,0.017770448
3093,91163.97852,60,9.60E-09,0.017162337,21,9,0.011326136,0.012998944
3098,5797.942706,23,8.41E-09,0.059579267,11,10,0.002726832,0.003930794
3099,11793.39807,24,8.40E-09,0.056589662,11,9,0.000737643,0.00093067
3119,882.5969249,4,8.83E-09,0.353750054,3,10,0.001101354,0.001656297
3122,3733.853681,11,8.49E-09,0.12602901,5,9,0.000178792,9.17E-05
3146,52649.52256,78,9.60E-09,0.014469805,28,8,0.01589258,0.013932155
3148,5287.068263,24,9.50E-09,0.048676888,17,9,0.009138059,0.007655418
3162,1734.431767,12,7.32E-09,0.100151086,10,9,0.00269453,0.001862879
3170,8698.023287,16,8.44E-09,0.0659375,9,9,0.000828094,0.000595015
3174,361.8259323,14,6.87E-09,0.071634022,11,9,0.002065839,0.000622648
3214,52.79432228,5,7.38E-09,0.206750745,5,9,0.000877054,0.000202557
3242,2010.09152,4,5.87E-09,0.258560634,4,10,5.26E-05,2.01E-06
3265,80630.42122,80,9.05E-09,0.015104779,25,9,0.00962653,0.009041072
3297,25422.32082,66,9.48E-09,0.018468656,31,9,0.017737746,0.014450412
3300,5904.545787,4,8.31E-09,0.253415462,4,10,0.004784418,0.00623064
3308,53786.88838,90,9.46E-09,0.014473449,32,9,0.041757508,0.036601583
3313,25239.70844,91,9.32E-09,0.017755513,39,9,0.090243605,0.075994315
3320,257447.1188,245,9.41E-09,0.00715583,68,8,0.240381428,0.226575219
3329,240457.089,211,9.24E-09,0.009346166,76,9,0.351498913,0.294615808
3337,12588.27041,36,8.10E-09,0.033914238,20,9,0.007315728,0.003696154
3364,22533.48743,25,8.06E-09,0.061408896,17,9,0.005245677,0.005164338
3376,2171.575777,31,9.00E-09,0.04381161,23,9,0.017205059,0.017624369
3383,9340.854533,22,9.04E-09,0.055263935,16,8,0.007988594,0.009614897
3397,2059.964397,17,8.98E-09,0.068630018,12,9,0.002720578,0.00382824
3428,11020.51899,11,8.98E-09,0.092423293,10,9,0.002735515,0.002538488
3458,897.395771,10,8.50E-09,0.136843234,9,9,0.002011825,0.002672527
3476,929.5235454,17,7.78E-09,0.077379606,16,9,0.004630665,0.005758235
3479,7032.305646,15,9.29E-09,0.082518781,9,9,0.000773892,0.001073725
3480,61464.64274,62,9.28E-09,0.021328682,29,9,0.014082772,0.014627969
3481,26396.74466,22,9.28E-09,0.050925427,13,8,0.00090934,0.000857081
3486,25646.96653,30,9.11E-09,0.037308473,14,8,0.006499345,0.003131929
3551,117968.1624,146,9.02E-09,0.010634176,38,9,0.093820539,0.068632855
3553,9161.000665,16,8.90E-09,0.07734741,13,9,0.000671001,0.000410691
3558,12469.01028,26,9.08E-09,0.045838726,17,9,0.002283726,0.0023978
3559,3218.194242,26,8.91E-09,0.045568061,21,9,0.006701735,0.009196278
3560,8858.191129,30,8.91E-09,0.043996577,22,9,0.008785054,0.006000932
3565,4109.700396,10,8.90E-09,0.108210613,8,9,0.00025443,0.000113244
3569,13018.37051,14,9.01E-09,0.089235907,11,9,0.00213017,0.001876779
3576,8214.1597,16,8.36E-09,0.078964852,11,8,0.002057471,0.000175318
3586,977.2618604,9,8.49E-09,0.162194456,7,9,0.000993303,0.001170718
3588,3554.908336,7,6.21E-09,0.160584132,3,10,7.38E-06,2.45E-11
3606,19.13971275,7,5.63E-09,0.145679494,4,9,0.000333023,0.000507979
3608,23759.79412,250,8.36E-09,0.011585127,104,9,0.731762756,0.622934183
3611,151713.7835,95,9.04E-09,0.011610267,26,8,0.040808636,0.013345783
3630,23863.05402,26,8.83E-09,0.044827414,14,9,0.002038639,0.002207075
3651,10368.58281,20,7.98E-09,0.063410207,13,9,0.002136071,0.002119153
3662,2075.203453,17,7.55E-09,0.063083258,12,9,0.001294047,0.001930635
3665,4041.767328,24,7.15E-09,0.055046278,15,9,0.004479446,0.004560784
3688,143220.6301,112,8.83E-09,0.014218514,24,8,0.006195987,0.004691726
3690,30934.76105,68,8.13E-09,0.021916795,24,8,0.004818584,0.003614674
3716,75107.22817,83,8.48E-09,0.018336981,29,8,0.016145895,0.007365966
3717,119392.7485,111,8.31E-09,0.014418736,30,9,0.019511425,0.012030752
3725,643547.3792,307,8.93E-09,0.004594023,37,8,0.102131944,0.082519453
3726,17378.82199,40,8.42E-09,0.030136772,20,9,0.01122514,0.01002095
3735,7421.454867,98,8.33E-09,0.020576795,71,9,0.232251411,0.250382335
3778,6579.316565,12,8.00E-09,0.104076887,9,9,0.003343569,0.000889524
3791,24438.06622,48,7.82E-09,0.027191273,24,9,0.008173324,0.004489986
3795,23325.36289,24,8.36E-09,0.05108263,13,9,0.009615209,0.005673191
3800,5155.921775,16,8.17E-09,0.073938404,14,9,0.005172349,0.004355901
3815,28409.22664,69,8.29E-09,0.01995793,28,9,0.010220188,0.007549031
3821,4038.339317,7,6.51E-09,0.152836098,5,10,0.000266699,0.000434537
3832,139.2235993,22,6.64E-09,0.071092494,18,9,0.004514431,0.004105176
3845,12628.83159,27,7.83E-09,0.042022061,18,9,0.013408713,0.002226962
3920,0,2,6.71E-09,0.5,2,10,1.65E-06,2.35E-06
3934,889.5335702,6,8.46E-09,0.25,6,9,4.08E-05,5.19E-05
3939,18402.57688,37,7.14E-09,0.037317716,19,9,0.008862029,0.005281329
3978,14024.18572,35,8.05E-09,0.049838265,21,9,0.009954567,0.009343437
3980,2313.420816,21,7.21E-09,0.072045917,14,9,0.012570502,0.015624388
4047,2090.199914,10,5.52E-09,0.142710419,9,10,0.000174374,1.77E-07
4055,11381.57063,15,7.36E-09,0.105153335,12,10,0.001267284,0.001530983
4074,34.55324637,5,5.52E-09,0.2,5,10,9.92E-05,4.33E-07
4087,544945.0464,283,8.44E-09,0.005095284,36,9,0.092758716,0.075124708
4088,449283.5697,244,8.38E-09,0.006306658,34,9,0.062363788,0.040152607
4089,274488.0759,188,8.31E-09,0.008108404,33,9,0.043271613,0.035726512
4091,2006.016899,22,7.36E-09,0.051845831,19,9,0.003989721,0.00198555
4149,129145.4368,107,8.09E-09,0.011558249,31,9,0.039123987,0.017679506
4170,6600.292555,40,8.00E-09,0.03317607,23,9,0.012843957,0.012087025
4171,14790.08174,59,8.10E-09,0.024026143,27,9,0.017853653,0.017708151
4174,80129.08809,101,8.06E-09,0.018778009,71,9,0.225845002,0.249115832
4175,24865.2655,42,7.98E-09,0.033687042,24,9,0.014089125,0.01246005
4176,107654.4045,85,7.97E-09,0.016724719,29,9,0.027965272,0.029062846
4190,4476.99997,12,7.26E-09,0.139286312,9,9,0.004675774,0.000287541
4191,1177.562581,15,7.48E-09,0.099223419,11,10,0.002467257,0.002176987
4193,247185.6201,184,7.97E-09,0.006725553,37,8,0.096282346,0.075577159
4194,19906.39217,40,7.29E-09,0.028897574,29,9,0.01899532,0.021392719
4214,77046.85611,147,7.93E-09,0.008470582,49,9,0.172961614,0.166079747
4217,51852.26603,67,7.88E-09,0.018237061,29,8,0.017968519,0.015326089
4221,39367.39959,34,8.04E-09,0.036900113,23,9,0.011488223,0.008626574
4233,23774.52446,63,7.31E-09,0.019450513,30,9,0.012763084,0.013220837
4255,83.30076669,8,7.10E-09,0.129412971,8,9,0.002947328,0.000988813
4258,0.2,2,5.52E-09,0.5,2,11,4.37E-05,4.50E-05
4292,179434.3895,126,8.10E-09,0.010497372,28,9,0.037251116,0.033710245
4294,13741.18835,43,7.27E-09,0.024749801,21,9,0.010225953,0.007241088
4296,6862.577098,32,7.44E-09,0.038600595,21,9,0.003846523,0.001807804
4297,41069.35288,61,7.88E-09,0.025358,31,9,0.018289946,0.013098762
4303,7892.48266,21,7.43E-09,0.050703271,19,9,0.006311687,0.004848295
4313,30003.83367,39,7.31E-09,0.030835106,14,8,0.003530628,0.002359881
4323,27323.41082,31,7.31E-09,0.041424992,14,9,0.003476101,0.004333995
4331,8600.668351,31,7.05E-09,0.041157163,24,9,0.010374608,0.003408016
4342,13586.17611,31,7.25E-09,0.034097363,23,9,0.005186088,0.004445655
4436,66347.35754,58,8.00E-09,0.025710139,28,9,0.015472924,0.012476098
4485,709.7134965,6,7.30E-09,0.25,6,8,7.89E-05,6.04E-05
4486,13779.35593,26,7.30E-09,0.04538637,23,9,0.010542826,0.009747584
4548,438.1777587,10,5.58E-09,0.144886201,8,10,0.001097324,0.00097932
4594,4301.158232,17,7.26E-09,0.122428691,13,9,0.000320598,0.000239743
4605,3255.494709,36,6.95E-09,0.035216961,23,9,0.006047706,0.003700027
4609,745175.005,390,7.95E-09,0.003447346,54,9,0.190773124,0.112753309
4613,17159.66573,13,7.82E-09,0.081454707,13,9,0.003371475,0.000684934
4615,12006.92415,36,7.09E-09,0.04228431,15,9,0.005320523,0.005589472
4616,5282.718521,15,7.34E-09,0.078057389,14,9,0.00384398,0.002345993
4671,307.1701338,6,7.04E-09,0.166666667,5,9,0.000452618,0.000720778
4677,92.11553708,5,6.52E-09,0.2,5,10,0.001838805,0.002966386
4683,3417.742555,38,7.29E-09,0.041774006,25,9,0.006647217,0.004727302
4691,184724.7767,288,7.83E-09,0.008896785,104,9,0.684077486,0.543713195
4704,5092.716706,57,7.65E-09,0.05722746,46,10,0.002953351,0.001626763
4719,14304.0544,58,7.28E-09,0.055059988,46,9,0.004417304,0.000657338
4724,6.930833643,52,7.27E-09,0.066058309,46,10,0.001086989,0.000233229
4728,12407.15471,55,7.19E-09,0.060139051,46,9,0.005181083,0.004461628
4729,1232.101365,55,7.05E-09,0.060105757,46,9,0.001391013,0.000180161
4734,56884.12171,61,7.39E-09,0.01923921,25,9,0.019051946,0.01637283
4758,6657.326412,20,6.71E-09,0.124906386,9,9,0.00618673,8.03E-06
4763,1171.900408,12,6.45E-09,0.087598402,11,8,0.000850135,0.000528382
4771,12771.51243,37,7.60E-09,0.029852051,26,9,0.011014398,0.007958055
4773,35673.65336,37,7.52E-09,0.030785831,18,8,0.006681471,0.006731364
4780,33468.56274,37,7.34E-09,0.029650873,22,9,0.00895103,0.00593672
4790,275857.9131,219,7.88E-09,0.00777398,39,9,0.118849732,0.087892448
4791,75655.33025,181,7.65E-09,0.009410735,59,9,0.215988,0.181282285
4792,104143.9153,129,7.47E-09,0.010448969,37,8,0.084804103,0.068015055
4801,20162.79032,33,7.77E-09,0.036377242,19,8,0.012734185,0.00940936
4804,50494.89397,52,7.28E-09,0.022453238,25,8,0.014147136,0.012242184
4830,23033.69028,47,7.66E-09,0.028616948,21,9,0.008126752,0.011213675
4832,4768.722491,22,7.26E-09,0.066177738,13,9,0.001134418,0.000671695
4835,1495.237879,9,7.13E-09,0.143546662,9,9,0.001100242,0.001444494
4869,216705.9503,327,7.76E-09,0.007795816,104,9,0.712524305,0.570805798
4882,28169.73915,29,7.25E-09,0.037707362,19,10,0.000165027,0.000157409
4891,21.499079,4,6.67E-09,0.273229948,3,10,0.002289278,0.00298771
4893,10390.82616,24,7.29E-09,0.046768186,17,9,0.009499776,0.005550714
4914,21927.74247,53,7.20E-09,0.023623591,26,9,0.008463341,0.007093748
4915,11141.19109,31,7.21E-09,0.038587383,19,9,0.004611242,0.006145053
4921,590.1818051,5,6.34E-09,0.200662916,4,9,0.00082545,0.001255122
4929,16661.17892,24,7.10E-09,0.043702888,13,9,0.002668039,0.00253916
4931,13.22620609,4,6.61E-09,0.25,4,10,0.003799935,0.003326984
4953,14026.75671,22,6.70E-09,0.066720077,15,9,0.002463601,0.001340262
4968,55.42327154,7,7.05E-09,0.2,7,9,0.002457248,0.003739496
4976,467.5671616,4,6.21E-09,0.25,4,10,0.001765142,0.000569295
4998,8570.212967,42,6.93E-09,0.03518423,25,9,0.016866526,0.016997559
5004,85.33935348,4,7.22E-09,0.25,4,9,0.000288061,0.000118156
5018,2703.093933,45,7.13E-09,0.042602671,39,9,0.062165258,0.037500918
5036,42803.89803,58,7.57E-09,0.019694704,31,9,0.081112804,0.086198002
5045,48342.25521,35,7.30E-09,0.031784688,14,9,0.002185196,0.001103761
5048,14884.50517,22,7.51E-09,0.054213542,17,9,0.006732049,0.005202501
5052,37687.4505,42,7.18E-09,0.033962538,20,9,0.012317608,0.004859137
5058,175884.1396,136,7.56E-09,0.009027169,31,9,0.033028034,0.025113951
5063,4275.936111,19,7.10E-09,0.065492753,17,9,0.004022549,0.004227721
5087,11683.76361,23,7.07E-09,0.064623985,12,9,0.001193981,0.000225772
5111,183211.2128,221,7.31E-09,0.008425712,71,9,0.269745157,0.262708482
5156,19438.64545,36,7.29E-09,0.035929231,21,9,0.005580365,0.004103202
5159,47371.68761,84,7.29E-09,0.016567845,29,9,0.013292909,0.00808504
5162,9236.627552,21,7.36E-09,0.060847054,15,10,0.00395175,0.00319852
5165,0,4,5.52E-09,0.274658203,4,9,0.000608101,0
5167,10789.81315,15,6.74E-09,0.146685754,9,10,0.000413074,0.000300392
5170,72617.52154,91,7.24E-09,0.012484434,30,9,0.023403454,0.01781887
5243,135.7202269,17,7.12E-09,0.059563591,16,9,0.00682927,0.005011963
5252,4738.495307,14,7.11E-09,0.072281463,13,9,0.001240068,0.000984483
5289,5224.109247,15,7.19E-09,0.093268413,9,9,0.003729167,0.005332301
5290,20537.98917,52,7.21E-09,0.020839255,24,8,0.013668895,0.009178415
5291,3698.322494,20,7.28E-09,0.057062526,17,9,0.006706472,0.00448714
5292,10506.95819,33,7.15E-09,0.031345492,20,9,0.008389363,0.007056483
5295,210660.1296,247,7.20E-09,0.008819147,31,9,0.041795403,0.024911771
5296,44030.61189,68,7.20E-09,0.017410928,27,9,0.011527395,0.004740799
5300,336737.5641,145,7.43E-09,0.007842294,31,8,0.027224267,0.017309217
5305,4942.007387,10,7.01E-09,0.101573361,9,9,0.001571567,0.000593858
5320,1275.66132,11,5.75E-09,0.118515596,7,9,0.000521786,0.000632228
5325,0,5,7.18E-09,0.341572945,5,9,0.001422944,0.001550753
5329,9062.60379,25,6.35E-09,0.043713756,16,7,0.006688855,0.001047932
5335,217238.9225,241,7.19E-09,0.009525291,31,8,0.052464908,0.022841679
5345,7017.211557,17,6.28E-09,0.069239404,9,8,0.000259384,0.000171717
5347,191143.1253,152,7.10E-09,0.008267958,34,9,0.025785661,0.016869433
5352,0,3,5.52E-09,1,3,10,0.002080293,3.05E-05
5366,362.1316779,9,6.99E-09,0.123405356,9,9,0.00111207,0.000609425
5371,38014.21159,85,7.18E-09,0.015162482,31,9,0.024660119,0.020139686
5394,35003.38678,50,7.04E-09,0.032778931,18,9,0.018716587,0.015846392
5422,10904.68255,45,7.19E-09,0.042761795,24,9,0.010819035,0.011098639
5423,7184.601347,16,7.05E-09,0.086830714,12,9,0.002936501,0.001340467
5428,1318,4,6.12E-09,0.5,3,10,3.10E-05,5.01E-05
5430,208489.1061,181,7.25E-09,0.010007809,34,9,0.078608102,0.046160829
5437,10833.18846,63,7.16E-09,0.032488516,30,9,0.022441225,0.014414239
5445,0,2,5.52E-09,0.5,2,10,0.002073095,0
5451,57891.0669,82,7.03E-09,0.015872777,30,9,0.01837319,0.010610331
5452,2739.55299,25,6.68E-09,0.050182529,17,9,0.007310634,0.004221881
5465,15679.73941,49,7.12E-09,0.025204414,29,9,0.008756928,0.007771911
5516,41388.08899,66,7.18E-09,0.021991645,24,9,0.017096558,0.01829774
5518,84387.34641,101,7.17E-09,0.014307842,28,9,0.032016417,0.015016583
5524,1184.296292,17,6.67E-09,0.077199871,15,9,0.00441285,0.004784202
5530,25968.48411,39,7.02E-09,0.031223677,20,9,0.0078337,0.005206854
5532,16245.32437,15,6.28E-09,0.071870676,9,9,0.003532249,0.000344102
5533,80.37529127,4,6.14E-09,0.265752792,4,9,0.000256133,0.000182625
5534,5842.435911,14,6.72E-09,0.074100787,11,9,0.001298361,0.001436912
5546,42.15041758,4,6.33E-09,0.251373978,4,9,0.006100547,0.008256636
5562,89734.29005,98,7.04E-09,0.012686191,28,9,0.025809126,0.009019469
5563,67954.02216,79,7.03E-09,0.016395472,24,9,0.006609293,0.004033096
5564,251560.8817,165,7.03E-09,0.006882235,37,8,0.08417578,0.042354118
5567,70196.56405,159,6.85E-09,0.013153093,30,8,0.026948481,0.017511988
5577,5947.25745,34,6.24E-09,0.044487508,20,9,0.003448842,0.000719817
5578,454893.7958,326,7.05E-09,0.004696008,34,8,0.064686905,0.041392012
5580,157200.0475,182,7.03E-09,0.007260064,32,8,0.052946975,0.032814709
5581,66282.96479,158,7.01E-09,0.008479186,31,8,0.035536714,0.014261986
5586,3782.788594,20,6.32E-09,0.055954519,16,9,0.007254361,0.001457878
5588,24690.59495,126,7.01E-09,0.010047963,31,8,0.033181608,0.013180791
5590,190647.0712,205,7.01E-09,0.008070249,34,8,0.060873162,0.028227816
5591,141486.3539,150,6.92E-09,0.009923337,39,9,0.124629522,0.069214563
5594,338807.8279,292,6.99E-09,0.005886316,34,8,0.054276958,0.026459077
5595,298884.0358,247,6.97E-09,0.006700393,33,8,0.046723008,0.031938637
5598,23732.66858,64,6.77E-09,0.017486318,29,9,0.011762586,0.006551737
5599,144006.1148,157,6.92E-09,0.009337995,31,9,0.029232672,0.015475355
5600,11245.84659,74,6.67E-09,0.016381137,31,8,0.015404441,0.006219951
5602,18468.1071,79,6.80E-09,0.014241403,29,9,0.01885469,0.005475215
5604,45527.62674,81,6.80E-09,0.017177713,31,9,0.02274803,0.012358846
5606,11769.64905,25,6.68E-09,0.05152002,21,9,0.007047592,0.005771986
5609,28912.62979,43,6.70E-09,0.031753595,21,9,0.008577703,0.003572001
5610,27659.05005,51,6.66E-09,0.023888723,29,9,0.024736379,0.008575794
5618,3440.431106,21,6.50E-09,0.06080319,15,9,0.005762581,0.008149639
5624,5399.481607,16,6.34E-09,0.094109336,9,8,0.000607075,0.000391569
5649,1325.678602,7,5.52E-09,0.215019114,6,9,0.000119194,1.54E-05
5663,103696.7167,104,6.74E-09,0.013766669,30,8,0.016393043,0.010301772
5682,161373.0565,141,6.91E-09,0.012131351,39,9,0.028507012,0.021189247
5684,198015.3048,152,6.90E-09,0.010784414,39,9,0.033448601,0.030316337
5686,4653.853406,56,6.89E-09,0.043692337,39,9,0.01482533,0.009722081
5688,16484.54263,73,6.88E-09,0.031624232,39,9,0.021065484,0.012886428
5693,11029.47302,63,6.88E-09,0.038309507,39,9,0.023159474,0.0121237
5696,4010.662706,20,6.88E-09,0.081981449,17,10,0.002013872,8.84E-05
5698,12508.52626,26,6.87E-09,0.057706156,18,10,0.003005911,0.000914815
5699,10405.64576,14,6.87E-09,0.078071683,14,9,0.001655527,0.000684149
5709,54852.49904,103,6.83E-09,0.021551251,39,9,0.080639398,0.041431207
5715,4926.465935,16,6.31E-09,0.067335015,15,9,0.002006267,0.000242144
5716,22351.06801,49,6.80E-09,0.042140031,37,9,0.011157636,0.003768924
5720,12214.74321,58,6.38E-09,0.032387454,37,9,0.012886076,0.005701963
5728,23332.88955,53,6.74E-09,0.020577223,25,9,0.010042159,0.004234358
5743,6947.173773,22,6.10E-09,0.077556338,14,9,0.001238683,0.001706241
5747,119863.7905,164,6.74E-09,0.008618305,31,8,0.033049321,0.016987699
5770,26865.64808,73,6.67E-09,0.016726767,31,8,0.017684855,0.006291377
5777,49799.9067,106,6.50E-09,0.017932647,29,9,0.013396396,0.007149999
5792,4864.137641,28,6.38E-09,0.045829654,19,9,0.005593007,0.000997616
5810,1149.883191,19,6.67E-09,0.085248232,15,9,0.001700418,0.001331105
5859,14371.2504,47,6.39E-09,0.025534733,23,9,0.016545219,0.009234211
5869,153.6428501,9,6.07E-09,0.118088872,8,9,0.000599701,0.000905005
5875,482.2786135,2,6.14E-09,0.5,2,10,5.45E-05,8.16E-05
5879,263861.42,200,6.65E-09,0.00734899,31,9,0.044021195,0.038568045
5883,5657.579298,32,6.67E-09,0.047418418,20,9,0.0118874,0.001997175
5887,4129.268947,29,6.42E-09,0.038836513,20,9,0.016420553,0.010745368
5888,50627.85108,56,6.64E-09,0.025748599,25,9,0.009875884,0.009388399
5889,2340.081691,8,6.36E-09,0.177234572,7,10,0.005305322,2.27E-05
5894,166231.4598,140,6.75E-09,0.009218554,32,9,0.045282219,0.015673319
5906,33221.8888,53,6.38E-09,0.021675146,22,9,0.004812766,0.002504097
5914,57779.04278,88,6.59E-09,0.015647347,31,9,0.017544102,0.006022799
5921,29207.10157,88,6.35E-09,0.015467849,29,9,0.01647453,0.004324784
5925,262318.0521,178,6.72E-09,0.008022632,34,9,0.044311406,0.017361035
5930,25303.00604,32,6.49E-09,0.032219036,18,8,0.016398126,0.012229393
5932,22144.88782,38,6.59E-09,0.033750004,24,9,0.011180815,0.005764553
5970,377495.4082,292,6.68E-09,0.005969769,53,9,0.186655239,0.117391835
5979,30252.35839,47,6.34E-09,0.027943274,25,9,0.011108776,0.00490858
5981,38563.70168,61,6.57E-09,0.030524388,28,9,0.014944414,0.011218264
5982,10981.34069,45,6.57E-09,0.038413614,25,9,0.011805767,0.008103498
5985,2594.120003,32,5.65E-09,0.046885977,21,9,0.010929904,0.001167501
6015,20469.11586,79,6.41E-09,0.027284278,36,9,0.031482953,0.020340085
6041,2285.233796,4,5.64E-09,0.25,4,10,0.000483746,0.000167455
6102,0,2,5.53E-09,0.542065809,2,10,0.000142203,0.000196481
6117,79508.82376,104,6.57E-09,0.017754495,29,9,0.033649457,0.01870778
6118,38874.85542,78,6.56E-09,0.018967769,28,9,0.025398366,0.012579454
6119,12480.9117,46,6.36E-09,0.033771519,25,9,0.01123582,0.00935243
6188,44354.38549,257,6.54E-09,0.011639774,104,9,0.696163093,0.293752568
6194,58781.99173,261,6.51E-09,0.01194691,104,9,0.746211147,0.309631109
6196,7870.928342,35,6.21E-09,0.033821785,23,9,0.010646273,0.002092306
6198,20565.71045,56,6.27E-09,0.021572799,29,9,0.01978085,0.009206761
6199,2657.031411,21,6.26E-09,0.052171113,19,9,0.009923712,0.003263551
6203,62289.2394,295,6.48E-09,0.010254501,104,9,0.768717816,0.272906796
6208,25647.24075,182,6.48E-09,0.014490688,101,9,0.514978483,0.192158108
6223,20148.72706,149,6.47E-09,0.015588291,80,9,0.391248381,0.086705706
6240,7567.584114,18,6.28E-09,0.080427746,13,9,0.007359057,0.006306395
6241,4058.298657,16,6.28E-09,0.083613484,12,9,0.003446038,0.002550798
6251,115.9839494,6,5.53E-09,0.191224177,6,9,0.001390987,0.000399543
6258,5478.005034,31,6.14E-09,0.036548809,18,10,0.001869975,0.001073836
6259,131.8396549,6,5.52E-09,0.19684573,5,10,0.000246059,3.08E-06
6300,25728.62449,65,6.21E-09,0.018309095,29,9,0.011070357,0.004328277
6303,72939.01317,90,6.12E-09,0.013171456,27,9,0.019663209,0.009555497
6418,48615.76954,79,6.17E-09,0.015828801,31,9,0.030613111,0.014029952
6421,82624.90718,97,6.41E-09,0.015478973,42,9,0.133194427,0.076681209
6446,55289.19891,82,6.22E-09,0.013010844,30,9,0.041718151,0.010282375
6464,114257.9769,167,6.34E-09,0.00969472,31,8,0.033739995,0.007997264
6500,66779.26799,124,6.13E-09,0.013978052,33,9,0.039700918,0.013464627
6502,16467.53098,54,6.12E-09,0.025757871,27,9,0.02194899,0.013031167
6513,222.5315088,11,6.11E-09,0.094920475,11,9,0.002975924,0.001950504
6514,240.994354,6,6.10E-09,0.168434706,6,9,0.000969862,6.35E-05
6576,137.9770268,7,6.11E-09,0.143613589,7,9,0.003850583,0.00147312
6591,770.7085642,4,5.68E-09,0.251107124,4,10,0.000745549,0.000313124
6595,49328.86,87,6.36E-09,0.019087288,31,9,0.030391373,0.013687186
6597,74773.43204,132,6.35E-09,0.013291169,33,9,0.048763999,0.016219447
6608,2800.597812,3,5.52E-09,0.333333333,3,10,7.85E-05,1.37E-05
6621,2198.443832,9,6.10E-09,0.164455711,7,9,0.001020563,0.000494666
6622,30786.71494,67,6.27E-09,0.018111774,29,8,0.019349832,0.012694836
6643,1209.051642,21,6.07E-09,0.080398533,14,9,0.001555258,0.000610845
6647,25541.15218,57,6.35E-09,0.027896159,20,9,0.004634918,0.002645482
6648,54060.68581,81,6.11E-09,0.017446173,21,9,0.016552008,0.004969661
6659,434.7485319,2,5.98E-09,0.5,2,9,0.00049683,0.000490525
6672,4504.747432,33,5.98E-09,0.037200184,21,9,0.008071213,0.00700452
6714,691273.9048,441,6.26E-09,0.005050776,37,9,0.095703762,0.033281573
6715,972.0853782,21,5.52E-09,0.137026305,20,10,0.000175714,5.13E-06
6721,71692.45063,93,6.14E-09,0.012665654,31,9,0.02106188,0.010473941
6723,1904.744456,15,5.54E-09,0.096023,12,10,0.001760631,0.002380305
6772,152642.2974,143,6.21E-09,0.00924236,31,9,0.032955958,0.007989454
6774,85172.58022,149,6.20E-09,0.009643894,31,8,0.029398593,0.007552765
6775,205.0539866,20,5.54E-09,0.061807707,15,9,0.003377377,0.002068417
6788,18667.35397,40,6.15E-09,0.037782417,20,9,0.003007736,0.001175598
6790,30068.4409,65,6.10E-09,0.018347136,28,9,0.013087228,0.005841203
6794,34771.78039,55,6.10E-09,0.023395597,24,9,0.00916026,0.005296174
6799,948.3097911,8,5.52E-09,0.150188383,7,10,0.000133339,3.29E-06
6827,1575.70443,12,5.66E-09,0.094473549,9,9,0.004138122,0.000666741
6872,29922.17193,81,6.14E-09,0.021875939,31,9,0.021955921,0.011080131
6883,3033.241266,62,6.10E-09,0.035433367,31,9,0.019893818,0.008162546
6885,64663.48327,113,6.17E-09,0.012232516,34,9,0.053612794,0.016066134
6908,116297.5814,190,6.10E-09,0.010034177,34,9,0.058198648,0.023067417
6924,7647.653601,30,5.86E-09,0.039639681,20,10,0.004449256,0.003718985
6934,3845.590086,20,6.11E-09,0.055149778,17,9,0.003868838,0.001050472
7001,7266.425902,32,5.92E-09,0.050857949,20,9,0.001520132,0.000111002
7003,5719.517818,18,5.55E-09,0.075435001,13,9,0.002049898,0.00027579
7013,26213.07449,49,5.89E-09,0.026699329,25,9,0.00977111,0.005000865
7016,876.1483564,10,5.87E-09,0.126818222,7,9,0.000766872,0.000854379
7027,9789.564489,31,6.09E-09,0.049574351,18,9,0.003728515,0.00172676
7040,50014.64641,58,6.10E-09,0.023975715,19,8,0.006861651,0.002736413
7082,54922.98384,80,5.94E-09,0.017466783,28,8,0.034616426,0.014627215
7083,128264.4586,163,6.12E-09,0.007207994,29,9,0.04088037,0.013828061
7084,3.636373561,9,5.53E-09,0.147706185,9,10,7.33E-05,2.63E-05
7088,80800.54981,116,6.10E-09,0.011838142,29,9,0.02928635,0.006241116
7124,44895.91055,51,6.12E-09,0.022335575,24,9,0.014453745,0.003438552
7128,27383.74997,41,6.11E-09,0.028021178,23,9,0.015189624,0.015179286
7132,124302.2025,164,6.11E-09,0.008025659,37,9,0.07490957,0.027479206
7150,41474.29575,194,6.11E-09,0.011017383,101,9,0.462814097,0.081318286
7153,52654.48012,102,6.10E-09,0.015059368,36,9,0.109603474,0.015437521
7157,733681.864,450,6.09E-09,0.003575682,39,8,0.137483631,0.029797303
7158,19568.62199,60,5.98E-09,0.022210819,28,9,0.012353845,0.004867456
7159,52441.65202,65,6.02E-09,0.01647316,27,8,0.026359884,0.012153129
7168,11145.45975,26,5.93E-09,0.044550605,17,9,0.0069868,0.000369206
7175,2772.395719,17,6.07E-09,0.064202559,14,9,0.00584148,0.002297202
7181,447.3034455,12,6.10E-09,0.089937695,11,10,0.001739657,0.000867461
7185,246233.4433,219,6.11E-09,0.006123083,34,9,0.056093661,0.015925678
7187,15822.77868,55,6.07E-09,0.027764875,24,9,0.009210322,0.006139164
7188,6154.885722,39,6.07E-09,0.039635229,21,9,0.005586558,0.006187941
7226,0,3,5.52E-09,0.416888796,3,10,3.22E-05,0
7248,28770.48284,56,6.03E-09,0.020546368,28,9,0.016179418,0.014405276
7249,21497.1117,50,6.03E-09,0.023668787,29,9,0.016059862,0.011542288
7251,60208.01931,93,6.04E-09,0.012547535,26,8,0.020135161,0.009412343
7263,0,2,5.52E-09,0.5,2,10,5.48E-05,0
7291,10.76813444,13,5.54E-09,0.096268423,12,9,0.002487803,0.000175254
7298,9725.952025,29,5.53E-09,0.068307684,13,9,0.002171471,8.85E-05
7311,120173.9202,237,5.96E-09,0.0074603,80,9,0.352297318,0.032506843
7316,359302.8807,334,6.03E-09,0.004315959,37,9,0.098040145,0.025247917
7319,13536.8938,25,5.77E-09,0.048880265,15,9,0.004235925,0.000986529
7321,58523.26406,110,5.95E-09,0.009461027,26,9,0.025112065,0.002369925
7323,59774.35223,104,5.92E-09,0.010022111,26,9,0.027460247,0.008989231
7332,10729.77175,39,5.90E-09,0.026470337,21,9,0.011213054,0.001646926
7334,39085.57112,68,5.89E-09,0.016404784,20,9,0.007863494,0.003700008
7335,9703.506816,33,5.87E-09,0.03187063,20,9,0.005612237,0.003858779
7343,7911.080726,37,5.73E-09,0.033837441,26,9,0.015900278,0.000966556
7345,14057.22476,24,5.85E-09,0.043653206,21,8,0.014638861,0.003547977
7357,0,2,5.52E-09,0.570764463,2,10,2.94E-05,0
7374,0.015668821,5,5.52E-09,0.204645919,5,8,0.003359664,0.000703008
7376,34477.75172,40,5.92E-09,0.02844849,24,9,0.007455505,0.004216599
7398,7471.417375,23,5.57E-09,0.048668985,12,9,0.001504315,0.000100994
7416,31030.31322,117,5.90E-09,0.015927125,68,9,0.178903412,0.025160024
7421,47907.25911,84,5.75E-09,0.016127,31,9,0.015719883,0.004128144
7428,212375.0308,251,5.85E-09,0.004825303,39,9,0.106600857,0.015132676
7444,454.2827328,7,5.53E-09,0.148588864,7,9,0.00246887,0.001056544
7465,2157.643484,26,5.87E-09,0.039924877,22,9,0.011629531,0.008437239
7474,3455.744417,4,5.52E-09,0.288350694,3,10,1.22E-05,1.56E-06
7486,5320.960671,30,5.63E-09,0.042322309,22,9,0.015914436,0.00474031
7494,14182.18853,22,5.57E-09,0.050906161,15,9,0.008372709,0.003999215
7508,235.6420572,21,5.53E-09,0.054447639,17,10,0.004954651,0.000356763
7518,11549.14038,26,5.71E-09,0.051008112,17,9,0.004599002,0.000580234
7520,31740.98236,71,5.63E-09,0.020451031,29,9,0.024383742,0.001287542
7525,21470.70658,65,5.65E-09,0.020099922,27,9,0.015177955,0.005593633
7528,20030.51885,52,5.59E-09,0.024489583,28,9,0.011729222,0.002109457
7625,0,2,5.52E-09,0.5,2,10,0.000677555,0
7702,0,4,5.52E-09,0.25,3,10,0.002722362,0
7703,1303.332842,19,5.58E-09,0.066425029,14,9,0.001271958,0.000163381
7750,24644.409,48,5.68E-09,0.031191346,28,9,0.011835349,0.000658747
7780,3396.267391,8,5.52E-09,0.125,6,9,7.56E-05,1.74E-06
7832,340.357478,14,5.52E-09,0.075411202,10,9,0.001294546,3.00E-05
7840,0,1,5.55E-09,1,1,11,7.19E-05,8.07E-05
7852,7428.635802,37,5.58E-09,0.033252323,23,8,0.009316614,0.002044752
7867,0,12,5.52E-09,0.086011159,12,9,0.006518782,0
7915,1355.127355,35,5.52E-09,0.0412639,19,10,0.001647033,7.23E-05
7965,32328.49497,54,5.68E-09,0.02354346,24,9,0.024717836,0.006019236
7988,0,24,5.52E-09,0.05672005,13,9,0.003879156,5.51E-05
8061,1267.262821,29,5.56E-09,0.046205072,18,9,0.002408567,0.00013405
8140,0,3,5.52E-09,0.440412203,3,9,8.65E-05,0
8148,982.0137955,45,5.52E-09,0.031090657,29,9,0.055195648,0.001330759
8202,13403.30173,85,5.65E-09,0.016911717,31,9,0.025173104,0.003714007
8239,6698.429028,29,5.64E-09,0.03920437,23,9,0.019385237,0.005629115
8243,9270.105774,53,5.64E-09,0.028881699,24,9,0.005708061,0.001513824
8325,0,5,5.52E-09,0.260956009,5,9,3.74E-05,0
8396,0,10,5.52E-09,0.128201238,10,10,0.004115355,5.36E-05
8428,6843.89914,47,5.52E-09,0.037315992,24,9,0.016216677,0.000475005
8438,0,2,5.52E-09,0.5,2,10,0.000116018,0
8445,0,19,5.52E-09,0.055269332,16,9,0.00344745,0
8453,7608.273591,120,5.60E-09,0.015361057,71,9,0.223482679,0.030443136
8463,517.1320999,6,5.56E-09,0.169992147,4,9,0.000313944,0.000268775
8493,120.7571593,33,5.52E-09,0.044823234,30,9,0.072524348,0.006314319
8505,0,1,5.52E-09,1,1,9,0.000199634,0
8517,148903.8668,346,5.58E-09,0.004354866,62,9,0.208940481,0.02129509
8518,415.0950368,33,5.55E-09,0.036065242,20,9,0.00774548,0.002806456
8525,5464.450574,35,5.52E-09,0.038713136,22,9,0.006223331,1.86E-05
8535,10939.95118,50,5.54E-09,0.033595004,28,9,0.005431995,0.000545245
8536,1149.824471,23,5.52E-09,0.068265924,15,9,0.005198918,0.000240501
8548,578.8009139,42,5.52E-09,0.025570621,21,9,0.002753101,3.09E-05
8550,0,24,5.52E-09,0.046223674,20,9,0.010007839,0
8554,12771.37278,132,5.54E-09,0.013331344,71,9,0.233352391,0.031785341
8565,20.51973067,9,5.52E-09,0.111958858,9,8,0.004466805,0.002244371
8574,0,8,5.52E-09,0.193226279,7,8,0.000867851,1.20E-05
8604,0,7,5.52E-09,0.147148978,7,10,0.00177062,0
8644,0,6,5.52E-09,0.166666667,6,10,0.003004753,0
8650,5816.917647,23,5.53E-09,0.050055628,18,8,0.003676605,0.000196129
8678,8567.947178,35,5.54E-09,0.034412024,17,9,0.002201058,0.000194227
8717,17759.9906,72,5.57E-09,0.017618628,33,9,0.051372485,0.001105362
8737,14476.93141,65,5.57E-09,0.02153778,30,9,0.030972064,0.011648528
8738,99.64607452,17,5.52E-09,0.062131465,13,9,0.006812458,6.12E-05
8743,6789.871045,14,5.57E-09,0.094368243,10,9,0.002026004,0.000521681
8767,9034.498475,70,5.55E-09,0.017919721,32,9,0.037669816,0.000975179
8771,552.7907354,5,5.52E-09,0.200770563,4,10,0.00022267,1.08E-08
8772,11912.63677,55,5.56E-09,0.024811467,26,9,0.010674068,0.000581349
8784,7027,6,5.52E-09,0.253812141,5,10,0.000825081,5.49E-06
8795,1186.625064,22,5.56E-09,0.063665825,19,9,0.00354641,0.000535244
8797,7144.922377,28,5.56E-09,0.04767871,19,9,0.005220802,0.002218057
8804,0,6,5.52E-09,0.169980995,6,8,0.00097214,0
8805,1006.529305,33,5.52E-09,0.035875514,23,9,0.004017815,0.000153928
8835,34.28623868,9,5.52E-09,0.125708222,9,9,0.000731029,5.90E-05
8837,10039.07795,52,5.55E-09,0.023884981,28,9,0.033471623,0.003411731
8841,20715.38544,116,5.54E-09,0.013296057,32,9,0.04437074,0.003661106
8850,17126.76974,103,5.54E-09,0.013218593,31,9,0.016332037,0.000533889
8877,0,10,5.52E-09,0.101571101,8,9,0.007285232,0
8878,27599.66921,80,5.53E-09,0.014966038,28,9,0.020281249,0.000453426
8879,0,1,5.52E-09,1,1,11,6.16E-05,0
8883,4554.089897,79,5.54E-09,0.025516171,71,8,0.217775042,0.024081417
8894,4833.684147,23,5.53E-09,0.050162436,16,9,0.006782052,0.000204585
8900,3475.313897,65,5.53E-09,0.018325635,27,9,0.020004133,0.001285554
8915,1983.62192,41,5.52E-09,0.030377738,23,9,0.009213921,0.00011404
8945,10006.00639,74,5.53E-09,0.016198548,27,9,0.02084867,0.002356793
9097,6494.172195,31,5.52E-09,0.048942815,25,9,0.006422163,0.000920743
9112,10317.57627,58,5.54E-09,0.028358613,28,9,0.01474784,0.000563663
9126,13736.34538,54,5.53E-09,0.027978498,24,9,0.00945554,0.000650214
9131,773.9085656,30,5.52E-09,0.036498481,22,9,0.009631384,0.000345583
9133,0.390668821,9,5.52E-09,0.119256273,9,9,0.004053237,0.000703008
9134,0,9,5.52E-09,0.115994096,9,9,0.003643677,0
9140,1336.594205,55,5.52E-09,0.020673473,23,9,0.037089358,0.000305948
9156,0,6,5.52E-09,0.209000668,6,10,0.002274362,0
9181,0,22,5.52E-09,0.049183015,19,9,0.010049498,0
9184,693.5179221,19,5.52E-09,0.058163503,15,9,0.007560343,4.29E-05
9212,1386.320027,53,5.53E-09,0.023436277,27,9,0.009630799,0.00108899
9219,7815.3934,83,5.53E-09,0.024162468,31,9,0.026642413,0.005070713
9246,3711.061709,32,5.52E-09,0.031614901,15,9,0.004638052,5.75E-05
9252,8242.348247,71,5.52E-09,0.01736444,31,9,0.013335476,0.000124951
9261,2046.036436,50,5.52E-09,0.024737444,29,9,0.016739916,0.000640744
9294,0,3,5.52E-09,0.333333333,3,10,3.57E-05,0
9318,533.4882394,36,5.52E-09,0.043320652,21,9,0.010438706,0.00253216
9378,5264.775446,27,5.52E-09,0.037869653,10,9,0.000447768,2.87E-07
9412,5612.94484,95,5.53E-09,0.024056307,31,9,0.013263561,0.000718776
9415,0,13,5.52E-09,0.199316127,9,10,0.000152415,0
9429,0,4,5.52E-09,0.5,4,10,0.000674557,3.16E-06
9447,0,1,5.52E-09,1,1,9,3.86E-05,0
9459,77.83760792,24,5.52E-09,0.046070325,17,9,0.00799668,0.000751611
9474,1035.710594,71,5.52E-09,0.016596791,24,9,0.02396606,0.000435635
9491,0,28,5.52E-09,0.038014662,18,9,0.008813365,0
9531,158.5524945,17,5.52E-09,0.059386836,14,9,0.007307597,6.12E-05
9533,1927.687937,138,5.52E-09,0.015353969,104,9,0.407661877,0.018985223
9564,1476.204451,68,5.52E-09,0.019878028,28,9,0.019028915,8.56E-05
9604,0,20,5.52E-09,0.05752208,17,10,0.0023008,2.45E-05
9616,0,24,5.52E-09,0.058452008,16,9,0.009203682,0
9618,8500.081273,62,5.52E-09,0.017517018,24,9,0.008360284,0.000179345
9641,34676.06228,363,5.52E-09,0.003628958,67,9,0.208954341,0.007113706
9656,0,33,5.52E-09,0.040651054,25,9,0.009754567,0.000103265
9688,4662.273538,63,5.52E-09,0.029076379,36,9,0.036695704,0.00482744
9700,140.5648655,6,5.52E-09,0.166666667,6,9,0.001309849,0.000703008
9706,277.3725713,12,5.52E-09,0.08624267,12,10,0.004442506,0.000293236
9734,169.8498882,34,5.52E-09,0.033029128,25,9,0.009518249,0.000158972
9748,602.4398841,5,5.52E-09,0.2,5,9,0.001577641,5.11E-05
9759,0,110,5.52E-09,0.011496533,30,9,0.020977572,0.000158972
9767,0,12,5.52E-09,0.172666402,12,10,0.000300101,0
9794,0,20,5.52E-09,0.084775392,15,10,0.00249752,2.85E-05
9817,0,51,5.52E-09,0.022131801,19,10,0.007492137,0
9868,0,10,5.52E-09,0.130890255,7,9,0.005889936,0
9918,0,8,5.52E-09,0.177693836,8,9,0.000708853,0
9928,0,2,5.52E-09,0.5,2,10,0.000711783,0
9939,703.525242,175,5.52E-09,0.017751114,129,9,0.44425704,0.003795158
9945,0,12,5.52E-09,0.138043777,11,9,0.000671163,0
9958,0,47,5.52E-09,0.022686978,21,9,0.025047932,0
9961,0,9,5.52E-09,0.143773122,8,9,0.002447882,1.37E-05
9978,0,82,5.52E-09,0.020776374,27,9,0.024243432,0
10001,0,45,1.64E-08,0.051586605,31,9,0.004856967,0.00517687
10007,0,15,1.15E-08,0.11927658,11,9,0.001423245,0.001165467
10018,0,23,1.59E-08,0.054796154,19,9,0.005269978,0.005418599
10038,0,9,1.48E-08,0.119321906,8,9,0.001297677,0.00065352
10048,0,62,1.59E-08,0.020095724,30,8,0.018186886,0.017702296
10051,0,26,1.62E-08,0.055720875,16,9,0.007635317,0.009000452
10058,0,2,6.04E-09,0.5,2,9,0.000175572,0.00026284
10093,721.8822435,15,1.68E-08,0.104186547,12,9,0.003668472,0.001644591
10094,888.3993327,27,1.68E-08,0.050051453,14,9,0.011688664,0.014775243
10097,5316.538226,26,1.68E-08,0.056967943,17,9,0.006785319,0.005712116
10109,1217.206704,15,1.20E-08,0.104718603,12,9,0.005063255,0.004149435
10110,0,11,1.47E-08,0.091902364,10,9,0.001926043,0.001676257
10111,376.7495637,50,1.29E-08,0.032002401,26,9,0.017485071,0.016210919
10125,0,5,9.05E-09,0.203350583,5,9,0.001047015,0.00163661
10135,0,11,1.16E-08,0.111111111,9,8,0.000400559,0.000321004
10201,0,12,1.29E-08,0.09641768,10,10,0.000146703,0.000150246
10253,8738.667917,88,1.57E-08,0.017798068,24,9,0.007216278,0.006928754
10276,0,4,8.67E-09,0.25,4,10,0.000269361,0.000251184
10285,1902.182293,163,1.71E-08,0.017866612,129,9,0.403637983,0.412583572
10295,0,8,7.05E-09,0.125735609,6,10,0.000409536,0.000522048
10298,0,18,1.50E-08,0.064141332,15,9,0.010039228,0.011875519
10327,0,13,1.03E-08,0.095766949,11,9,0.000149883,0.00018386
10379,193.277815,22,1.29E-08,0.054357021,12,10,0.002733559,0.003160567
10383,1668.650354,31,1.44E-08,0.03362349,20,9,0.013626347,0.013325937
10392,0,18,9.58E-09,0.075937383,15,9,0.003325834,0.002834679
10397,3963.768468,70,1.57E-08,0.015752385,34,9,0.09939423,0.10269597
10413,1834.198482,39,1.50E-08,0.027556557,21,9,0.01280701,0.013969447
10421,8980.278581,156,1.66E-08,0.018153558,129,9,0.37838985,0.382365016
10447,0,2,1.62E-08,0.521612656,2,9,5.51E-05,5.29E-06
10451,0,21,1.27E-08,0.053481533,19,9,0.006176587,0.004945168
10452,0,8,9.59E-09,0.186928875,6,8,0.004265137,0.004044964
10476,0,16,1.15E-08,0.14809538,15,9,0.004090277,0.004018396
10477,7468.86066,50,1.49E-08,0.020535108,20,9,0.018111056,0.018108913
10482,583.1903493,43,1.60E-08,0.027830133,24,9,0.045717269,0.043175958
10497,0,13,1.32E-08,0.086160248,9,10,0.000376893,0.00016203
10524,8576.831744,137,1.63E-08,0.009251308,31,8,0.025947338,0.026284833
10533,0,14,1.36E-08,0.086099792,14,10,0.001679391,0.001706729
10555,0,4,9.90E-09,0.25,4,10,5.39E-06,2.55E-06
10557,8551.897324,15,1.50E-08,0.144600349,9,9,0.004062333,0.003008029
10613,0,5,1.33E-08,0.2,4,9,0.001098021,0.001815109
10617,4771.471733,37,1.48E-08,0.033474077,19,9,0.012152741,0.013941964
10621,91.71619044,13,1.48E-08,0.08591902,11,9,0.006557289,0.009711538
10641,0,3,6.95E-09,0.339013465,3,9,0.001556433,0.002067367
10645,0,28,1.54E-08,0.03785483,19,9,0.005836733,0.004654771
10651,0,9,1.59E-08,0.2024219,6,9,0.003542959,0.001235639
10664,0,22,1.29E-08,0.053034054,18,8,0.012461679,0.01213132
10694,97.10439908,33,1.19E-08,0.05788159,23,9,0.014619917,0.016111617
10721,0,1,1.24E-08,1,1,10,1.70E-05,0
10733,2108.467677,14,1.54E-08,0.084424335,13,10,0.001332193,0.000841234
10769,510.6121684,9,1.09E-08,0.116541604,9,9,0.000593731,0.000612738
10783,12468.30104,68,1.62E-08,0.015839876,26,9,0.013683362,0.008450598
10813,4676.71745,41,1.48E-08,0.025189036,20,9,0.006147854,0.007163674
10856,32715.44328,213,1.56E-08,0.009908195,71,9,0.328221986,0.311393923
10857,123.880447,22,1.31E-08,0.047101482,15,9,0.008186474,0.007879809
10868,8431.878434,47,1.29E-08,0.022028412,20,9,0.008899576,0.01120227
10898,0,8,8.18E-09,0.151842967,7,10,0.000520209,0.00051127
10915,6129.409527,158,1.60E-08,0.017903838,129,9,0.390884369,0.384573524
10921,18677.71664,212,1.59E-08,0.01168585,129,9,0.407702155,0.412146236
10933,4267.096338,55,1.30E-08,0.029833054,23,9,0.014799307,0.013885069
10972,73.06931327,12,1.08E-08,0.099605944,11,9,0.002848826,0.003867479
10973,60.67396616,12,8.94E-09,0.09887855,10,9,0.003991118,0.004842639
10987,19472.83219,119,1.51E-08,0.013397729,33,8,0.043728569,0.04654514
10988,0,13,1.14E-08,0.096869795,11,9,0.007875228,0.011130234
11004,0,9,1.07E-08,0.147497292,9,9,0.002589708,0.00293085
11065,2294.54213,11,1.21E-08,0.111111111,9,9,0.00406658,0.000173977
11073,278.3297582,32,1.20E-08,0.04234867,21,9,0.008426134,0.009803565
11108,0,5,1.05E-08,0.2,5,10,0.002837859,0.003693056
11113,436.4440228,12,1.19E-08,0.085240279,11,9,0.001614535,0.001362457
11200,4536.363849,53,1.16E-08,0.02288771,26,9,0.009563556,0.008479686
11213,0,7,8.91E-09,0.249243511,7,9,0.001288157,0.001920941
11243,5742.524186,16,1.29E-08,0.079211222,12,9,0.001191905,0.000943921
11284,553.1799036,25,8.25E-09,0.042077057,17,9,0.010013849,0.012298491
11325,5.589892892,10,1.08E-08,0.107977633,10,10,0.029394086,0.020486024
11340,26803.47238,44,1.47E-08,0.034493615,18,9,0.016946648,0.020110508
22894,1180.470673,19,1.08E-08,0.083647437,15,9,0.005117937,0.004286924
22934,6179.674396,28,1.04E-08,0.066468465,15,10,0.003484403,0.005446972
22938,54101.62168,214,1.10E-08,0.012829586,129,9,0.446133508,0.416722558
22944,0,3,7.31E-09,0.341609296,3,10,0.002070787,0.001689473
22978,22111.42268,42,9.24E-09,0.031494502,14,9,0.003727558,0.005368095
23043,36484.84268,99,1.05E-08,0.010470907,30,9,0.036698424,0.029832015
23047,7.567241758,10,8.19E-09,0.176137619,9,9,0.001525327,0.00091265
23149,0,6,6.80E-09,0.166666667,6,10,0.000509641,0.000713898
23236,26310.78537,75,1.06E-08,0.028721258,23,9,0.006283411,0.007726378
23291,10242.15946,59,1.04E-08,0.026577564,27,9,0.018813023,0.018109925
23338,81.49272264,16,1.04E-08,0.115525967,12,10,0.00044763,0.000347801
23368,3857.180567,13,1.05E-08,0.078567606,12,9,0.005274589,0.007381373
23405,29900.86439,173,1.09E-08,0.015058051,104,9,0.479475997,0.446300262
23411,80787.3622,88,1.06E-08,0.015124714,34,9,0.077191834,0.063741103
23463,0,4,9.10E-09,0.251734208,4,10,0.000485599,0.000364897
23464,3234.939536,11,7.27E-09,0.156889128,10,10,0.000126741,7.54E-05
23509,1.5,3,7.63E-09,0.390204589,3,9,8.29E-05,0.000105227
23512,858.2367331,14,7.19E-09,0.085864259,10,9,0.001931267,0.00159768
23530,0,1,8.01E-09,1,1,10,0.001245565,0.000965954
23576,0,1,6.34E-09,1,1,10,0.000172399,0.000258376
23581,0,10,7.68E-09,0.10749847,10,8,0.001503307,0.002017184
23604,356.2005384,9,6.16E-09,0.147953614,8,10,0.00047334,0.00030281
23636,46515.75172,74,1.05E-08,0.016659066,24,9,0.016494139,0.01219415
23657,0,3,5.55E-09,0.333333333,3,10,0.000107552,0.000165763
23658,71.18638869,12,1.06E-08,0.100115986,12,10,0.015213612,0.018337626
23786,22841.88002,35,9.23E-09,0.028912493,9,9,0.000412735,0.000258975
25836,59.44073935,4,6.95E-09,0.255607097,4,9,0.00071618,0.000492366
25842,3175.713353,33,9.74E-09,0.044855983,26,9,0.004325942,0.005842294
25865,3131.854983,35,8.40E-09,0.031842033,21,9,0.006732904,0.008698368
25888,4915.649133,16,8.66E-09,0.071327664,12,10,0.003412386,0.00061235
25898,8170.608575,29,9.01E-09,0.039280138,20,9,0.008440566,0.011526995
25913,30.20069612,8,8.01E-09,0.197284137,8,10,0.000265351,0.00017862
26271,0,6,7.27E-09,0.187479466,5,10,0.000526199,0.000757255
26574,5853.526615,23,7.72E-09,0.045762994,19,9,0.003513943,0.004039482
26993,1186.007974,21,9.63E-09,0.055214049,19,9,0.016403437,0.010530548
27113,345.6803654,8,8.00E-09,0.140347383,8,9,0.001392559,0.001746544
27244,0,2,7.18E-09,0.5,2,9,0.000943471,0.001537172
27297,284.1701907,6,5.64E-09,0.212186109,5,10,5.68E-05,2.87E-05
28996,22250.44601,56,9.79E-09,0.024835221,28,9,0.012685341,0.01468175
29082,3122.174441,20,7.03E-09,0.107074462,14,10,0.000582308,0.000186498
29110,25547.30468,78,9.51E-09,0.018195063,37,9,0.074824457,0.078466668
29116,360.8663168,8,6.91E-09,0.166666667,6,9,0.000207381,8.55E-05
29775,0,3,6.47E-09,0.339751324,3,10,0.001416988,0.002036325
29928,0,4,5.52E-09,0.583333333,3,10,3.85E-05,0
29978,10411.73429,17,9.31E-09,0.07247137,13,10,0.006751301,0.008791616
30001,176.4830076,6,7.47E-09,0.255669005,6,9,0.000201235,0.000150508
51053,5195.439853,21,6.35E-09,0.055532009,13,10,0.001890751,0.000997996
51079,12010.61865,57,7.05E-09,0.056650032,46,9,0.001593242,0.000778379
51170,65.96609541,3,6.84E-09,0.333333333,3,10,0.000585509,0.000206724
51181,105.8212628,5,6.07E-09,0.333333333,5,9,0.001433744,0.001815984
51182,0,2,5.52E-09,0.5,1,10,6.91E-05,0
51274,1268.46583,7,6.10E-09,0.145257022,6,10,0.000690079,0.000573371
51330,0,7,6.66E-09,0.147285276,6,10,0.001133364,0.001432451
51444,532.0675406,10,7.08E-09,0.105101546,9,9,0.000948674,0.001198828
51588,34377.5085,53,7.09E-09,0.021535109,27,9,0.022088681,0.015176942
51719,2000.101296,12,7.04E-09,0.106909707,8,10,0.002475142,0.003407364
51720,22534.60525,47,6.94E-09,0.025014222,20,9,0.00620041,0.005571776
51727,3436.692443,16,7.03E-09,0.081071916,13,9,0.004367921,0.003659393
51741,4981.722614,29,7.26E-09,0.039130087,22,9,0.034337854,0.006500532
51755,26504.05715,135,7.39E-09,0.022449003,129,9,0.371053407,0.249467332
51776,10860.85125,29,6.74E-09,0.037447896,17,9,0.004085682,0.005127312
53632,0,3,7.04E-09,0.347543371,3,9,0.000746889,0.001140223
53944,550.8864203,10,5.63E-09,0.1,8,9,0.000877831,0.000134805
54205,14078.2205,37,7.04E-09,0.030315008,24,9,0.013242471,0.011520076
54386,3279.84084,23,6.13E-09,0.071689161,17,9,0.003262728,0.000904571
54472,37837.79957,57,7.08E-09,0.019863593,20,9,0.008736423,0.007261762
54512,25371.63374,37,7.03E-09,0.050204151,17,9,0.013839078,0.003580902
54577,0,1,7.01E-09,1,1,9,0.000223816,0.000382523
54623,137.3323366,10,5.74E-09,0.131857837,9,10,0.003502678,0.004374888
54815,103.4400195,14,6.70E-09,0.084054758,14,10,0.003841364,0.001567378
55031,2906.056433,15,6.65E-09,0.078736521,14,10,0.002624844,0.001747013
55107,0,1,5.52E-09,1,1,9,0.00049984,0.000751611
55120,24303.96983,35,7.03E-09,0.044883123,19,9,0.00401367,0.00165689
55127,5903.319315,9,6.30E-09,0.113622946,7,9,0.001962737,0.000345896
55143,2238.087039,15,6.66E-09,0.087688334,12,9,0.001563732,0.002046426
55504,0,7,6.11E-09,0.160072731,6,9,0.001955569,0.003034551
55558,403.8955907,6,6.38E-09,0.166666667,6,10,0.001404374,0.001484556
55699,0,2,5.52E-09,0.5,2,9,0.004639439,0
55825,0,1,5.52E-09,1,1,10,4.28E-06,0
55832,605.5093718,16,6.21E-09,0.076923852,15,9,0.009622701,0.01334158
55914,7367.691678,32,6.16E-09,0.040400171,21,9,0.008180068,0.004613578
56616,4611.523131,24,6.41E-09,0.055325387,16,9,0.007768681,0.002693174
56998,23046.78971,19,6.70E-09,0.053603025,14,9,0.004173674,0.00085925
57144,11451.73923,33,6.77E-09,0.03367489,19,9,0.004662046,0.002524429
57448,1356.461076,12,5.65E-09,0.088336617,11,9,0.00102532,0.000855802
57551,2212.489153,10,6.10E-09,0.101572034,10,10,0.000812176,0.000288271
57634,5212.560607,27,6.64E-09,0.061371568,21,9,0.011138542,0.003885207
57657,0,2,5.52E-09,0.784722222,2,10,8.19E-06,0
57761,24928.06465,31,6.69E-09,0.032967026,21,9,0.00927272,0.004573804
57804,1310.655082,20,6.57E-09,0.104918694,18,9,0.006560985,0.006242891
57819,48731.19903,186,6.72E-09,0.016092982,129,10,0.443818797,0.241778607
58472,0,2,5.52E-09,0.5,2,10,0.001402258,0
64127,112.1127722,7,5.62E-09,0.166319568,7,9,0.000506181,0.000611042
64170,11418.98654,66,5.82E-09,0.019604599,24,9,0.010055462,0.002109964
64326,2006.800417,16,6.09E-09,0.084569462,13,9,0.00706333,0.005713117
64422,914.7826355,20,5.75E-09,0.074438356,14,9,0.001426142,0.001040399
64750,112988.7101,105,6.32E-09,0.011682417,28,9,0.02220589,0.01657751
64858,276.6572985,2,5.64E-09,0.5,2,10,0.000195628,3.86E-05
65018,1225.781056,7,5.65E-09,0.2,7,10,0.003018523,0.000152757
65123,841.7196101,15,5.70E-09,0.16092398,13,10,0.001555419,0.000197366
65220,1934.257002,11,5.87E-09,0.112324874,11,9,0.00866091,0.008797866
65264,31712.62613,35,6.16E-09,0.029375657,16,9,0.003271124,0.001370893
65266,6806.053547,10,5.52E-09,0.118822034,6,10,0.00037834,2.45E-05
65267,0,1,5.63E-09,1,1,9,0.000199634,0.000291925
79109,6830.681499,11,5.52E-09,0.1408468,8,9,0.00940863,3.46E-06
79885,475.8584162,6,5.65E-09,0.167198132,6,9,0.001296016,0.000450955
80025,5988.280066,23,5.52E-09,0.083137168,11,9,0.006395559,3.17E-05
80230,401.3142678,10,5.58E-09,0.126551627,8,10,0.000321377,2.35E-05
80314,2854.323671,30,5.59E-09,0.062492872,21,9,0.009848078,0.001895949
80746,0,6,5.52E-09,0.333636831,5,10,0.000187824,0
81620,9385.361733,42,5.65E-09,0.029981967,27,9,0.025312196,0.011892777
83732,0,1,5.52E-09,1,1,9,0.000547499,0
83737,5906.873431,42,5.58E-09,0.027179237,23,9,0.011849595,0.000922303
83933,16.67026726,7,5.54E-09,0.149358813,7,9,0.003198445,0.000861926
83999,0,1,5.52E-09,1,1,10,7.41E-06,0
84108,1142.658972,19,5.53E-09,0.081325881,16,9,0.001975484,0.000134242
84333,0,4,5.52E-09,0.25,4,9,0.001200791,0
84433,3790.035377,19,5.59E-09,0.05940913,18,9,0.006380545,0.002063441
84844,1173.28318,109,5.56E-09,0.017725058,82,9,0.366230499,0.036647887
94235,0,16,5.52E-09,0.166326346,16,9,0.000331537,0
112858,129.6659997,9,1.19E-08,0.120798891,8,9,0.002951574,0.002869615
140735,6988.643661,27,1.26E-08,0.044366966,16,9,0.001555398,0.00158253
143187,131.6230122,9,1.04E-08,0.179734106,8,10,0.00012097,0.000168364
146057,0,2,6.47E-09,0.5,2,10,5.35E-05,7.94E-05
151636,88.41535594,19,1.20E-08,0.061152366,17,10,0.001548468,0.001733979
197259,0,2,7.22E-09,0.5,2,10,6.29E-05,6.37E-05
204851,2210.68482,11,1.07E-08,0.095219366,10,9,0.00422337,0.005426979
253430,0,25,1.04E-08,0.098501482,22,9,0.000821739,0.001000109
255738,0,3,8.46E-09,1,3,10,1.42E-05,1.78E-05
284058,22889.54075,36,8.99E-09,0.030548614,23,9,0.010519442,0.009541141
340273,0,1,6.88E-09,1,1,11,1.89E-05,2.81E-05
387893,117.4121409,30,6.83E-09,0.049736294,22,10,0.002234686,0.002825906
